"Date","Price","Open","High","Low","Vol.","Change %"
2024- 12- 30,"38,200","38,800","39,150","38,100",1.10M,-1.67%
2024- 12- 27,"38,850","38,550","39,400","38,350",1.22M,0.78%
2024- 12- 26,"38,550","39,650","39,850","38,400",1.91M,-2.41%
2024- 12- 24,"39,500","39,750","40,150","39,500",1.10M,-0.50%
2024- 12- 23,"39,700","41,000","41,000","39,200",2.12M,-2.70%
2024- 12- 20,"40,800","40,800","41,500","40,350",1.95M,-0.97%
2024- 12- 19,"41,200","42,050","42,700","40,850",2.39M,-5.07%
2024- 12- 18,"43,400","43,000","43,750","42,800",1.50M,1.28%
2024- 12- 17,"42,850","43,650","44,250","42,700",2.00M,-2.50%
2024- 12- 16,"43,950","47,000","47,050","43,550",4.18M,-4.25%
2024- 12- 13,"45,900","43,700","46,450","43,400",4.56M,5.03%
2024- 12- 12,"43,700","45,000","45,250","42,500",3.73M,-2.02%
2024- 12- 11,"44,600","44,250","45,300","43,900",2.20M,1.71%
2024- 12- 10,"43,850","43,000","44,000","42,950",2.61M,3.66%
2024- 12- 09,"42,300","43,050","45,100","42,050",4.14M,-4.94%
2024- 12- 06,"44,500","44,400","45,650","42,850",6.65M,0.91%
2024- 12- 05,"44,100","45,700","46,150","43,600",5.17M,-5.36%
2024- 12- 04,"46,600","42,200","47,100","41,600",13.73M,8.50%
2024- 12- 03,"42,950","42,450","43,000","42,050",3.14M,1.90%
2024- 12- 02,"42,150","40,550","42,500","40,150",5.56M,5.11%
2024- 11- 29,"40,100","38,150","40,900","38,000",5.31M,4.97%
2024- 11- 28,"38,200","38,500","38,700","37,750",1.20M,-0.39%
2024- 11- 27,"38,350","37,100","38,400","37,000",2.25M,3.65%
2024- 11- 26,"37,000","35,850","37,100","35,850",1.22M,2.35%
2024- 11- 25,"36,150","36,400","36,450","35,850",1.17M,0.28%
2024- 11- 22,"36,050","35,200","36,450","35,150",1.09M,2.56%
2024- 11- 21,"35,150","34,850","35,850","34,850",961.35K,-0.99%
2024- 11- 20,"35,500","35,950","36,000","35,250",1.01M,-2.07%
2024- 11- 19,"36,250","34,800","36,250","34,800",1.47M,3.28%
2024- 11- 18,"35,100","33,800","35,200","33,800",1.29M,3.08%
2024- 11- 15,"34,050","33,100","34,550","32,950",1.31M,3.81%
2024- 11- 14,"32,800","33,400","34,350","32,550",1.82M,-1.80%
2024- 11- 13,"33,400","33,000","33,500","32,850",1.18M,0.45%
2024- 11- 12,"33,250","33,400","34,300","33,200",1.41M,-1.34%
2024- 11- 11,"33,700","35,050","35,100","33,700",1.49M,-3.71%
2024- 11- 08,"35,000","36,950","37,250","34,800",2.21M,-4.24%
2024- 11- 07,"36,550","36,550","36,900","36,100",739.28K,0.00%
2024- 11- 06,"36,550","37,750","37,750","36,250",971.90K,-3.18%
2024- 11- 05,"37,750","36,950","37,950","36,800",734.81K,1.07%
2024- 11- 04,"37,350","36,250","37,450","36,250",869.63K,3.32%
2024- 11- 01,"36,150","36,550","36,800","36,150",675.64K,-2.17%
2024- 10- 31,"36,950","37,150","37,700","36,450",1.25M,-1.07%
2024- 10- 30,"37,350","37,350","38,050","37,150",841.16K,0.00%
2024- 10- 29,"37,350","37,250","37,800","37,050",447.39K,-0.27%
2024- 10- 28,"37,450","36,450","37,450","36,250",683.02K,2.60%
2024- 10- 25,"36,500","37,450","37,700","36,100",847.11K,-2.54%
2024- 10- 24,"37,450","37,500","37,650","37,050",630.68K,-0.66%
2024- 10- 23,"37,700","37,750","38,000","37,050",798.30K,0.94%
2024- 10- 22,"37,350","39,300","39,350","37,300",1.76M,-5.20%
2024- 10- 21,"39,400","38,750","39,800","38,600",1.77M,2.34%
2024- 10- 18,"38,500","37,400","38,700","37,400",1.94M,3.08%
2024- 10- 17,"37,350","37,550","37,800","37,300",769.22K,-0.66%
2024- 10- 16,"37,600","37,250","37,800","37,100",1.05M,-0.13%
2024- 10- 15,"37,650","36,550","37,650","36,550",1.40M,3.15%
2024- 10- 14,"36,500","37,400","37,500","36,250",1.08M,-2.41%
2024- 10- 11,"37,400","37,350","37,500","36,900",859.79K,0.13%
2024- 10- 10,"37,350","37,100","37,550","36,900",1.89M,0.95%
2024- 10- 08,"37,000","36,550","37,100","36,350",1.01M,0.68%
2024- 10- 07,"36,750","36,700","37,100","36,150",1.09M,0.14%
2024- 10- 04,"36,700","36,000","37,050","35,950",1.05M,1.94%
2024- 10- 02,"36,000","35,700","36,550","35,500",1.08M,-0.41%
2024- 09- 30,"36,150","37,050","37,550","36,150",1.41M,-1.36%
2024- 09- 27,"36,650","36,750","36,900","36,250",757.34K,-0.27%
2024- 09- 26,"36,750","35,950","36,750","35,900",943.71K,2.51%
2024- 09- 25,"35,850","36,450","36,700","35,800",953.21K,-0.69%
2024- 09- 24,"36,100","35,500","36,100","35,200",850.38K,1.69%
2024- 09- 23,"35,500","35,000","35,600","34,800",781.81K,1.72%
2024- 09- 20,"34,900","35,650","36,300","34,900",1.18M,-1.13%
2024- 09- 19,"35,300","36,400","36,450","34,900",965.73K,-0.84%
2024- 09- 13,"35,600","35,400","35,800","35,250",709.28K,0.71%
2024- 09- 12,"35,350","34,800","35,400","34,400",2.06M,2.61%
2024- 09- 11,"34,450","34,100","35,100","34,100",970.39K,1.17%
2024- 09- 10,"34,050","34,250","34,500","33,800",715.95K,0.15%
2024- 09- 09,"34,000","33,050","34,100","32,900",951.54K,0.00%
2024- 09- 06,"34,000","34,450","34,700","33,850",1.10M,-1.31%
2024- 09- 05,"34,450","34,250","35,150","34,250",1.30M,0.88%
2024- 09- 04,"34,150","35,400","35,500","33,950",3.01M,-5.66%
2024- 09- 03,"36,200","36,900","37,400","36,200",1.23M,-1.90%
2024- 09- 02,"36,900","37,350","37,350","36,750",716.53K,-0.81%
2024- 08- 30,"37,200","37,250","37,750","37,150",1.34M,0.54%
2024- 08- 29,"37,000","37,000","37,400","36,750",807.06K,-0.40%
2024- 08- 28,"37,150","38,000","38,150","37,000",1.17M,-2.24%
2024- 08- 27,"38,000","38,650","38,900","38,000",1.14M,-1.81%
2024- 08- 26,"38,700","37,550","38,900","37,150",1.74M,3.34%
2024- 08- 23,"37,450","37,450","37,800","37,100",863.80K,-0.27%
2024- 08- 22,"37,550","36,900","37,700","36,750",1.63M,2.60%
2024- 08- 21,"36,600","36,500","36,800","36,400",657.11K,0.27%
2024- 08- 20,"36,500","36,900","37,000","36,400",943.56K,-0.41%
2024- 08- 19,"36,650","36,650","37,400","36,350",1.20M,0.27%
2024- 08- 16,"36,550","37,300","37,350","36,550",1.16M,-0.68%
2024- 08- 14,"36,800","36,650","36,900","36,300",1.07M,1.10%
2024- 08- 13,"36,400","36,950","37,100","36,200",1.19M,-1.89%
2024- 08- 12,"37,100","37,100","37,700","36,800",1.33M,0.27%
2024- 08- 09,"37,000","38,900","39,100","36,600",3.17M,-3.77%
2024- 08- 08,"38,450","38,950","39,100","37,500",1.87M,0.39%
2024- 08- 07,"38,300","37,300","38,750","37,300",1.35M,0.79%
2024- 08- 06,"38,000","36,750","39,000","36,750",1.73M,4.68%
2024- 08- 05,"36,300","39,550","39,600","35,350",2.66M,-8.22%
2024- 08- 02,"39,550","39,500","40,150","39,250",1.04M,-0.63%
2024- 08- 01,"39,800","39,350","40,150","39,300",873.72K,1.53%
2024- 07- 31,"39,200","39,250","39,400","38,750",1.12M,0.38%
2024- 07- 30,"39,050","39,600","40,150","38,950",1.02M,-2.25%
2024- 07- 29,"39,950","39,850","40,150","39,500",648.09K,0.38%
2024- 07- 26,"39,800","40,550","40,600","39,800",942.91K,-1.85%
2024- 07- 25,"40,550","39,350","40,700","39,050",1.53M,2.53%
2024- 07- 24,"39,550","38,500","40,650","38,100",2.55M,1.80%
2024- 07- 23,"38,850","40,500","41,450","38,700",4.23M,-5.36%
2024- 07- 22,"41,050","41,350","41,600","40,850",877.69K,-0.73%
2024- 07- 19,"41,350","40,900","42,100","40,650",1.14M,0.49%
2024- 07- 18,"41,150","40,800","41,150","40,300",927.59K,-0.12%
2024- 07- 17,"41,200","40,950","41,450","40,550",1.52M,0.73%
2024- 07- 16,"40,900","41,950","42,150","40,800",1.19M,-2.39%
2024- 07- 15,"41,900","42,550","42,900","41,900",1.10M,-0.83%
2024- 07- 12,"42,250","42,350","44,000","41,950",1.87M,-0.24%
2024- 07- 11,"42,350","43,150","43,250","42,100",1.37M,-0.94%
2024- 07- 10,"42,750","42,000","42,900","41,600",1.28M,0.71%
2024- 07- 09,"42,450","42,350","43,150","42,000",1.12M,0.12%
2024- 07- 08,"42,400","41,500","43,100","41,200",1.59M,2.17%
2024- 07- 05,"41,500","40,300","41,800","40,100",1.52M,2.98%
2024- 07- 04,"40,300","40,100","40,650","40,000",858.27K,0.50%
2024- 07- 03,"40,100","40,100","41,000","40,000",1.17M,0.25%
2024- 07- 02,"40,000","40,600","40,800","39,950",1.12M,-2.44%
2024- 07- 01,"41,000","40,300","41,150","40,250",712.14K,0.86%
2024- 06- 28,"40,650","40,650","41,250","40,350",930.79K,0.62%
2024- 06- 27,"40,400","41,100","41,300","40,400",1.19M,-2.88%
2024- 06- 26,"41,600","40,650","42,100","40,500",1.24M,1.46%
2024- 06- 25,"41,000","42,250","42,300","41,000",1.58M,-2.50%
2024- 06- 24,"42,050","42,800","42,950","42,050",882.96K,-2.55%
2024- 06- 21,"43,150","42,450","43,150","42,400",2.02M,1.77%
2024- 06- 20,"42,400","42,550","42,800","42,200",780.77K,-0.93%
2024- 06- 19,"42,800","42,500","42,800","41,800",1.42M,1.18%
2024- 06- 18,"42,300","42,500","43,000","42,200",864.03K,-0.24%
2024- 06- 17,"42,400","43,500","43,750","42,150",1.31M,-3.42%
2024- 06- 14,"43,900","43,250","44,200","43,050",1.15M,0.57%
2024- 06- 13,"43,650","43,350","44,100","43,150",2.47M,1.39%
2024- 06- 12,"43,050","43,150","43,600","42,750",1.04M,-0.23%
2024- 06- 11,"43,150","43,350","43,850","43,000",699.32K,0.12%
2024- 06- 10,"43,100","43,700","43,800","42,950",907.78K,-2.60%
2024- 06- 07,"44,250","44,600","45,150","44,150",920.17K,-0.67%
2024- 06- 05,"44,550","44,900","44,950","44,150",647.16K,-0.11%
2024- 06- 04,"44,600","43,900","44,950","43,850",705.76K,0.68%
2024- 06- 03,"44,300","43,350","45,150","43,300",900.44K,2.31%
2024- 05- 31,"43,300","44,050","44,350","43,000",1.93M,-0.80%
2024- 05- 30,"43,650","43,300","44,050","43,100",793.15K,-0.23%
2024- 05- 29,"43,750","44,650","44,950","43,700",1.43M,-2.99%
2024- 05- 28,"45,100","46,000","46,050","45,100",731.59K,-1.64%
2024- 05- 27,"45,850","44,600","46,600","44,550",1.50M,3.15%
2024- 05- 24,"44,450","45,050","45,250","44,400",1.27M,-2.20%
2024- 05- 23,"45,450","45,800","45,950","45,250",891.00K,-0.76%
2024- 05- 22,"45,800","45,800","46,200","45,500",1.20M,-0.33%
2024- 05- 21,"45,950","45,650","46,250","45,350",1.16M,-0.22%
2024- 05- 20,"46,050","46,800","46,800","46,000",941.48K,-0.86%
2024- 05- 17,"46,450","46,600","47,100","46,400",915.68K,-0.75%
2024- 05- 16,"46,800","47,050","47,700","46,750",1.43M,0.32%
2024- 05- 14,"46,650","47,200","47,400","46,650",1.18M,-0.74%
2024- 05- 13,"47,000","47,700","47,750","47,000",990.57K,-1.67%
2024- 05- 10,"47,800","49,000","49,050","47,650",1.37M,-1.65%
2024- 05- 09,"48,600","50,200","50,600","48,400",1.99M,-2.41%
2024- 05- 08,"49,800","49,750","50,100","49,350",734.24K,0.20%
2024- 05- 07,"49,700","49,900","50,500","49,400",1.46M,1.02%
2024- 05- 03,"49,200","49,000","50,300","49,000",1.37M,1.86%
2024- 05- 02,"48,300","48,150","48,550","48,050",879.70K,-0.62%
2024- 04- 30,"48,600","48,350","48,850","48,300",1.01M,0.21%
2024- 04- 29,"48,500","47,650","48,600","47,600",945.57K,2.54%
2024- 04- 26,"47,300","47,850","47,900","47,150",647.69K,-0.21%
2024- 04- 25,"47,400","47,500","47,900","47,100",841.55K,-1.46%
2024- 04- 24,"48,100","48,000","48,400","47,850",718.79K,1.26%
2024- 04- 23,"47,500","48,700","48,750","47,050",1.75M,-3.06%
2024- 04- 22,"49,000","49,450","49,700","48,450",636.14K,0.82%
2024- 04- 19,"48,600","48,350","49,600","47,700",1.17M,-1.02%
2024- 04- 18,"49,100","47,350","50,200","46,900",2.25M,4.69%
2024- 04- 17,"46,900","46,700","48,000","46,700",1.04M,0.32%
2024- 04- 16,"46,750","47,200","47,400","46,600",1.14M,-2.09%
2024- 04- 15,"47,750","47,100","48,000","46,850",797.65K,-0.21%
2024- 04- 12,"47,850","48,050","48,450","47,650",939.13K,-0.42%
2024- 04- 11,"48,050","48,450","48,800","47,700",2.00M,-2.44%
2024- 04- 09,"49,250","49,100","50,100","48,850",770.67K,0.20%
2024- 04- 08,"49,150","48,850","49,750","48,300",1.00M,0.82%
2024- 04- 05,"48,750","48,400","49,100","48,200",1.55M,-1.12%
2024- 04- 04,"49,300","51,200","51,500","49,100",2.64M,-3.33%
2024- 04- 03,"51,000","51,200","52,000","51,000",1.32M,-0.39%
2024- 04- 02,"51,200","53,200","53,200","51,000",2.84M,-4.83%
2024- 04- 01,"53,800","54,100","54,500","53,600",771.75K,0.19%
2024- 03- 29,"53,700","54,500","54,900","53,500",865.69K,-1.29%
2024- 03- 28,"54,400","54,800","55,700","54,400",950.37K,-0.73%
2024- 03- 27,"54,800","54,200","55,200","53,900",773.65K,-0.18%
2024- 03- 26,"54,900","54,200","55,200","53,900",1.16M,2.04%
2024- 03- 25,"53,800","53,400","54,500","53,100",712.99K,0.37%
2024- 03- 22,"53,600","53,600","54,300","53,300",877.41K,0.00%
2024- 03- 21,"53,600","53,900","54,200","52,800",1.35M,1.32%
2024- 03- 20,"52,900","52,400","53,200","52,300",861.82K,1.73%
2024- 03- 19,"52,000","52,700","52,800","51,700",1.11M,-1.89%
2024- 03- 18,"53,000","54,200","54,300","52,700",1.16M,-2.03%
2024- 03- 17,"54,100","55,000","54,100","54,100",0.04K,0.00%
2024- 03- 15,"54,100","55,000","55,000","53,900",911.77K,-1.46%
2024- 03- 14,"54,900","54,600","55,800","54,600",1.79M,0.55%
2024- 03- 13,"54,600","55,900","56,000","54,100",1.08M,-2.15%
2024- 03- 12,"55,800","55,000","56,000","54,800",1.38M,2.20%
2024- 03- 11,"54,600","53,200","54,800","52,700",1.04M,2.63%
2024- 03- 10,"54,600","53,200","54,800","52,700",0,0%
2024- 03- 08,"53,200","53,600","54,200","53,000",1.21M,0.57%
2024- 03- 07,"52,900","52,200","53,700","52,000",1.42M,1.93%
2024- 03- 06,"51,900","51,400","52,300","51,400",886.24K,0.39%
2024- 03- 05,"51,700","52,600","52,900","51,600",1.73M,-2.64%
2024- 03- 04,"53,100","53,600","54,900","52,900",1.81M,-0.38%
2024- 03- 03,"53,100","53,600","54,900","52,900",0,0%
2024- 02- 29,"53,300","55,100","55,300","53,000",3.04M,-4.14%
2024- 02- 28,"55,600","56,800","57,400","55,200",1.45M,-2.11%
2024- 02- 27,"56,800","57,200","57,700","56,300",1.01M,-0.53%
2024- 02- 26,"57,100","57,500","58,000","57,000",866.52K,0.00%
2024- 02- 25,"57,100","57,500","58,000","57,000",0,0%
2024- 02- 23,"57,100","58,100","58,200","56,600",1.32M,-1.38%
2024- 02- 22,"57,900","58,600","58,900","57,700",962.24K,-0.17%
2024- 02- 21,"58,000","58,800","58,900","58,000",831.61K,-1.19%
2024- 02- 20,"58,700","57,900","60,000","57,800",1.93M,0.86%
2024- 02- 19,"58,200","58,800","59,100","58,100",1.39M,-0.34%
2024- 02- 18,"58,200","58,800","59,100","58,100",0,0%
2024- 02- 16,"58,400","59,500","59,700","58,300",2.30M,-1.35%
2024- 02- 15,"59,200","56,800","61,400","56,700",10.12M,7.83%
2024- 02- 14,"54,900","53,900","54,900","53,200",879.40K,0.37%
2024- 02- 13,"54,700","54,000","55,300","54,000",947.82K,1.30%
2024- 02- 12,"54,700","54,000","55,300","54,000",0,0%
2024- 02- 08,"54,000","54,500","54,700","53,700",1.52M,0.37%
2024- 02- 07,"53,800","54,400","55,700","53,600",1.25M,-0.37%
2024- 02- 06,"54,000","54,500","55,000","53,800",971.60K,-1.82%
2024- 02- 05,"55,000","57,000","57,400","54,600",1.55M,-2.31%
2024- 02- 04,"55,000","57,000","57,400","54,600",0,0%
2024- 02- 02,"56,300","53,800","56,600","53,700",2.40M,6.83%
2024- 02- 01,"52,700","51,900","53,100","51,500",1.41M,0.38%
2024- 01- 31,"52,500","53,700","53,900","52,200",1.77M,-3.31%
2024- 01- 30,"54,300","55,900","56,000","53,600",2.00M,-1.81%
2024- 01- 29,"55,300","56,600","57,200","55,200",1.32M,-2.30%
2024- 01- 28,"55,300","56,600","57,200","55,200",0,0%
2024- 01- 26,"56,600","55,700","57,400","55,600",893.80K,1.07%
2024- 01- 25,"56,000","56,300","56,700","54,700",1.74M,-1.23%
2024- 01- 24,"56,700","57,500","57,500","56,300",891.56K,-1.73%
2024- 01- 23,"57,700","56,700","58,000","56,600",1.10M,2.30%
2024- 01- 22,"56,400","58,300","58,900","55,800",1.92M,-2.08%
2024- 01- 21,"56,400","58,300","58,900","55,800",0,0%
2024- 01- 19,"57,600","58,100","58,800","57,100",1.72M,1.41%
2024- 01- 18,"56,800","57,200","57,900","55,900",2.22M,-1.22%
2024- 01- 17,"57,500","59,600","59,900","56,600",3.31M,-3.52%
2024- 01- 16,"59,600","60,600","61,700","59,400",1.91M,-2.45%
2024- 01- 15,"61,100","60,500","61,800","59,800",1.73M,1.16%
2024- 01- 14,"61,100","60,500","61,800","59,800",0,0%
2024- 01- 12,"60,400","60,900","61,200","59,100",2.00M,-0.66%
2024- 01- 11,"60,800","60,300","61,900","59,400",4.57M,2.70%
2024- 01- 10,"59,200","58,900","60,000","58,600",2.72M,0.85%
2024- 01- 09,"58,700","58,500","59,200","58,300",2.16M,2.62%
2024- 01- 08,"57,200","55,800","58,800","55,800",2.49M,2.51%
2024- 01- 07,"57,200","55,800","58,800","55,800",0,0%
2024- 01- 05,"55,800","57,400","57,500","55,500",1.31M,-2.45%
2024- 01- 04,"57,200","55,800","57,800","55,600",1.87M,1.06%
2024- 01- 03,"56,600","57,100","57,600","56,000",1.91M,-2.25%
2024- 01- 02,"57,900","54,300","57,900","54,000",3.70M,6.63%
2023- 12- 28,"54,300","53,700","54,300","53,300",975.25K,1.69%
2023- 12- 27,"53,400","52,400","53,500","52,100",931.97K,1.91%
2023- 12- 26,"52,400","52,100","53,400","52,100",947.31K,-0.76%
2023- 12- 25,"52,400","52,100","53,400","52,100",0,0%
2023- 12- 22,"52,800","53,300","53,700","52,600",1.21M,0.00%
2023- 12- 21,"52,800","52,900","53,600","52,000",1.53M,-1.68%
2023- 12- 20,"53,700","54,200","54,200","53,000",1.13M,-0.19%
2023- 12- 19,"53,800","53,500","54,400","53,200",927.38K,-0.19%
2023- 12- 18,"53,900","55,000","55,000","53,700",1.35M,-1.82%
2023- 12- 17,"53,900","55,000","55,000","53,700",0,0%
2023- 12- 15,"54,900","54,400","55,000","54,000",2.20M,1.10%
2023- 12- 14,"54,300","52,400","54,900","52,300",4.96M,6.68%
2023- 12- 13,"50,900","51,800","52,000","50,700",881.93K,-1.74%
2023- 12- 12,"51,800","52,500","52,700","51,800",960.18K,-0.58%
2023- 12- 11,"52,100","52,000","53,200","51,900",1.53M,0.77%
2023- 12- 10,"52,100","52,000","53,200","51,900",0,0%
2023- 12- 08,"51,700","51,400","52,000","50,700",1.48M,2.38%
2023- 12- 07,"50,500","50,200","50,800","50,000",716.02K,0.00%
2023- 12- 06,"50,500","50,700","51,100","50,200",1.04M,-0.59%
2023- 12- 05,"50,800","50,700","51,200","50,200",1.14M,0.00%
2023- 12- 04,"50,800","49,800","51,300","49,750",1.77M,2.21%
2023- 12- 03,"50,800","49,800","51,300","49,750",0,0%
2023- 12- 01,"49,700","50,400","50,400","49,650",1.10M,-1.58%
2023- 11- 30,"50,500","50,200","50,900","50,000",1.56M,0.00%
2023- 11- 29,"50,500","50,800","51,300","50,100",1.28M,-1.17%
2023- 11- 28,"51,100","50,000","51,200","49,800",1.41M,2.51%
2023- 11- 27,"49,850","50,800","51,000","49,300",1.47M,-1.29%
2023- 11- 26,"49,850","50,800","51,000","49,300",0,0%
2023- 11- 24,"50,500","50,400","50,900","50,000",1.00M,0.40%
2023- 11- 23,"50,300","50,400","50,600","49,600",1.39M,0.00%
2023- 11- 22,"50,300","48,750","51,000","48,250",2.45M,2.13%
2023- 11- 21,"49,250","48,300","49,600","48,300",2.47M,3.03%
2023- 11- 20,"47,800","47,250","48,150","47,000",919.89K,0.63%
2023- 11- 19,"47,800","47,250","48,150","47,000",0,0%
2023- 11- 17,"47,500","48,150","48,150","47,200",1.14M,-1.45%
2023- 11- 16,"48,200","47,400","48,250","46,850",1.56M,-0.21%
2023- 11- 15,"48,300","47,200","48,450","46,800",2.77M,4.21%
2023- 11- 14,"46,350","46,150","46,950","45,500",1.71M,3.00%
2023- 11- 13,"45,000","45,800","46,450","44,900",1.28M,-1.42%
2023- 11- 12,"45,000","45,800","46,450","44,900",0,0%
2023- 11- 10,"45,650","45,800","46,100","45,000",1.97M,0.11%
2023- 11- 09,"45,600","43,450","46,500","43,450",3.17M,3.75%
2023- 11- 08,"43,950","44,350","45,000","43,850",1.51M,0.46%
2023- 11- 07,"43,750","44,700","44,750","42,850",2.02M,-2.13%
2023- 11- 06,"44,700","43,000","44,700","42,300",4.81M,8.23%
2023- 11- 05,"44,700","43,000","44,700","42,300",0,0%
2023- 11- 03,"41,300","39,250","41,550","38,900",3.65M,7.13%
2023- 11- 02,"38,550","38,000","38,600","37,900",1.52M,2.53%
2023- 11- 01,"37,600","38,000","38,300","37,450",1.26M,-0.53%
2023- 10- 31,"37,800","38,250","38,950","37,450",1.77M,-0.53%
2023- 10- 30,"38,000","37,650","38,400","37,600",1.29M,0.66%
2023- 10- 29,"38,000","37,650","38,400","37,600",0,0%
2023- 10- 27,"37,750","37,650","38,050","37,300",1.31M,0.27%
2023- 10- 26,"37,650","38,250","38,500","37,400",2.04M,-3.34%
2023- 10- 25,"38,950","39,600","39,650","38,850",1.41M,-1.64%
2023- 10- 24,"39,600","38,300","39,700","37,850",2.72M,4.35%
2023- 10- 23,"37,950","38,200","38,900","37,850",2.57M,-2.82%
2023- 10- 22,"37,950","38,200","38,900","37,850",0,0%
2023- 10- 20,"39,050","39,750","40,150","38,850",2.46M,-3.58%
2023- 10- 19,"40,500","41,000","41,400","40,450",1.69M,-3.11%
2023- 10- 18,"41,800","42,400","42,950","41,800",1.38M,-2.34%
2023- 10- 17,"42,800","43,400","44,050","42,800",1.06M,-0.81%
2023- 10- 16,"43,150","43,250","43,900","42,400",938.41K,-0.12%
2023- 10- 15,"43,150","43,250","43,900","42,400",0,0%
2023- 10- 13,"43,200","43,250","43,650","43,050",583.84K,-1.03%
2023- 10- 12,"43,650","42,700","44,000","42,600",1.37M,2.34%
2023- 10- 11,"42,650","41,900","43,200","41,900",1.34M,3.02%
2023- 10- 10,"41,400","42,100","42,350","41,200",1.27M,-1.55%
2023- 10- 09,"41,400","42,100","42,350","41,200",0,0%
2023- 10- 06,"42,050","40,600","42,100","40,600",1.12M,2.94%
2023- 10- 05,"40,850","41,750","42,400","40,700",1.83M,-1.80%
2023- 10- 04,"41,600","43,050","43,100","41,600",2.49M,-5.35%
2023- 10- 03,"41,600","43,050","43,100","41,600",0,0%
2023- 09- 27,"43,950","43,150","44,200","43,150",1.07M,0.46%
2023- 09- 26,"43,750","44,650","44,800","43,400",1.86M,-2.34%
2023- 09- 25,"44,800","44,900","45,250","44,650",1.13M,-0.55%
2023- 09- 24,"44,800","44,900","45,250","44,650",0,0%
2023- 09- 22,"45,050","45,100","45,650","44,800",1.38M,-1.31%
2023- 09- 21,"45,650","46,800","47,150","45,600",2.45M,-3.08%
2023- 09- 20,"47,100","47,850","47,950","47,050",1.23M,-1.57%
2023- 09- 19,"47,850","48,600","48,700","47,800",988.55K,-1.54%
2023- 09- 18,"48,600","48,550","49,200","48,450",870.58K,-0.51%
2023- 09- 17,"48,600","48,550","49,200","48,450",0,0%
2023- 09- 15,"48,850","48,100","48,900","48,100",1.68M,1.14%
2023- 09- 14,"48,300","47,850","48,300","47,450",1.68M,1.05%
2023- 09- 13,"47,800","48,100","48,150","47,300",1.71M,-1.24%
2023- 09- 12,"48,400","48,200","48,750","48,150",1.24M,0.31%
2023- 09- 11,"48,250","48,250","48,350","47,900",920.03K,0.00%
2023- 09- 10,"48,250","48,250","48,350","47,900",0,0%
2023- 09- 08,"48,250","48,650","48,750","48,000",1.07M,-1.03%
2023- 09- 07,"48,750","48,700","49,600","48,600",921.39K,-0.61%
2023- 09- 06,"49,050","49,000","49,200","48,500",825.14K,0.31%
2023- 09- 05,"48,900","49,100","49,350","48,850",670.69K,-0.41%
2023- 09- 04,"49,100","48,900","49,450","48,400",1.01M,0.31%
2023- 09- 03,"49,100","48,900","49,450","48,400",0,0%
2023- 09- 01,"48,950","47,950","49,300","47,950",1.36M,1.77%
2023- 08- 31,"48,100","49,000","49,100","48,100",1.69M,-1.84%
2023- 08- 30,"49,000","49,150","49,400","48,750",883.12K,0.82%
2023- 08- 29,"48,600","48,000","48,700","48,000",858.41K,1.25%
2023- 08- 28,"48,000","48,550","48,650","47,800",964.16K,-0.21%
2023- 08- 27,"48,000","48,550","48,650","47,800",0,0%
2023- 08- 25,"48,100","48,000","48,550","47,600",1.32M,-2.04%
2023- 08- 24,"49,100","49,450","50,100","48,900",1.72M,0.41%
2023- 08- 23,"48,900","48,700","49,700","48,450",1.34M,0.51%
2023- 08- 22,"48,650","48,550","49,400","48,400",1.13M,0.52%
2023- 08- 21,"48,400","48,500","49,450","48,250",998.75K,-0.10%
2023- 08- 20,"48,400","48,500","49,450","48,250",0,0%
2023- 08- 18,"48,450","48,650","49,300","48,200",1.37M,-1.62%
2023- 08- 17,"49,250","50,000","50,100","49,150",1.63M,-2.09%
2023- 08- 16,"50,300","50,300","51,100","49,850",1.12M,-0.79%
2023- 08- 15,"50,300","50,300","51,100","49,850",0,0%
2023- 08- 14,"50,700","51,700","52,000","50,600",1.05M,-1.74%
2023- 08- 13,"50,700","51,700","52,000","50,600",0,0%
2023- 08- 11,"51,600","51,400","52,500","50,600",1.58M,-1.90%
2023- 08- 10,"52,600","52,300","53,100","51,900",1.53M,-0.38%
2023- 08- 09,"52,800","52,100","53,200","52,100",1.08M,1.93%
2023- 08- 08,"51,800","53,500","53,600","51,800",1.50M,-1.71%
2023- 08- 07,"52,700","51,700","54,000","51,200",2.74M,1.74%
2023- 08- 06,"52,700","51,700","54,000","51,200",0,0%
2023- 08- 04,"51,800","53,800","55,000","51,000",3.16M,-2.81%
2023- 08- 03,"53,300","52,800","53,800","52,300",2.13M,0.19%
2023- 08- 02,"53,200","55,100","55,100","52,300",2.92M,-3.10%
2023- 08- 01,"54,900","51,800","55,300","51,800",7.02M,7.02%
2023- 07- 31,"51,300","50,900","51,800","50,000",2.19M,1.38%
2023- 07- 30,"51,300","50,900","51,800","50,000",0,0%
2023- 07- 28,"50,600","50,200","51,400","49,600",1.53M,0.00%
2023- 07- 27,"50,600","47,500","50,600","47,500",2.85M,5.86%
2023- 07- 26,"47,800","48,800","48,800","46,650",3.78M,-2.15%
2023- 07- 25,"48,850","49,600","49,800","48,800",1.77M,-2.01%
2023- 07- 24,"49,850","50,100","50,300","49,400",1.93M,-1.48%
2023- 07- 23,"49,850","50,100","50,300","49,400",0,0%
2023- 07- 21,"50,600","50,000","50,800","49,750",1.19M,0.20%
2023- 07- 20,"50,500","50,100","51,100","50,100",1.14M,0.20%
2023- 07- 19,"50,400","51,800","51,800","50,100",1.67M,-2.70%
2023- 07- 18,"51,800","52,700","52,700","51,400",1.48M,-1.71%
2023- 07- 17,"52,700","52,400","53,200","52,200",1.41M,-0.19%
2023- 07- 16,"52,700","52,400","53,200","52,200",0,0%
2023- 07- 14,"52,800","52,300","52,800","51,600",1.89M,1.73%
2023- 07- 13,"51,900","52,000","52,600","51,700",1.95M,0.58%
2023- 07- 12,"51,600","50,700","51,800","50,200",1.64M,1.78%
2023- 07- 11,"50,700","50,100","51,000","50,000",1.20M,1.71%
2023- 07- 10,"49,850","49,850","50,300","49,450",1.06M,0.00%
2023- 07- 09,"49,850","49,850","50,300","49,450",0,0%
2023- 07- 07,"49,850","50,600","51,200","49,750",1.59M,-2.06%
2023- 07- 06,"50,900","48,850","51,500","48,700",3.13M,4.20%
2023- 07- 05,"48,850","49,950","50,400","48,800",2.69M,-2.20%
2023- 07- 04,"49,950","50,900","51,000","49,900",1.44M,-2.06%
2023- 07- 03,"51,000","49,300","51,000","49,300",1.67M,3.87%
2023- 06- 30,"49,100","48,850","49,700","48,400",1.27M,0.20%
2023- 06- 29,"49,000","49,000","49,800","48,700",1.27M,0.00%
2023- 06- 28,"49,000","49,700","49,750","48,500",1.64M,-0.71%
2023- 06- 27,"49,350","50,000","50,100","49,350",1.33M,-1.30%
2023- 06- 26,"50,000","49,000","50,300","48,600",1.86M,0.60%
2023- 06- 25,"50,000","49,000","50,300","48,600",0,0%
2023- 06- 23,"49,700","50,200","50,500","49,550",1.68M,-1.19%
2023- 06- 22,"50,300","50,200","51,100","50,100",1.32M,-0.40%
2023- 06- 21,"50,500","51,700","52,000","50,300",2.01M,-2.32%
2023- 06- 20,"51,700","52,400","52,900","51,500",1.73M,-1.52%
2023- 06- 19,"52,500","53,400","53,400","52,000",2.12M,-2.05%
2023- 06- 18,"52,500","53,400","53,400","52,000",0,0%
2023- 06- 16,"53,600","54,300","54,600","53,400",1.71M,-0.56%
2023- 06- 15,"53,900","55,700","56,100","53,700",2.69M,-3.23%
2023- 06- 14,"55,700","56,400","56,600","55,300",2.04M,-1.24%
2023- 06- 13,"56,400","57,000","57,100","56,200",1.09M,-0.35%
2023- 06- 12,"56,600","56,900","57,200","56,400",855.08K,0.35%
2023- 06- 11,"56,600","56,900","57,200","56,400",0,0%
2023- 06- 09,"56,400","56,800","57,200","56,300",1.73M,-0.18%
2023- 06- 08,"56,500","57,000","57,000","56,300",1.73M,-1.57%
2023- 06- 07,"57,400","57,700","58,000","57,300",995.19K,0.53%
2023- 06- 06,"57,400","57,700","58,000","57,300",0,0%
2023- 06- 05,"57,100","57,600","57,900","57,000",1.03M,-0.17%
2023- 06- 04,"57,100","57,600","57,900","57,000",0,0%
2023- 06- 02,"57,200","56,300","57,500","56,000",1.67M,1.96%
2023- 06- 01,"56,100","56,300","56,600","56,000",999.19K,-0.18%
2023- 05- 31,"56,200","56,500","56,900","56,100",1.98M,-1.06%
2023- 05- 30,"56,800","57,000","57,100","56,400",1.15M,0.35%
2023- 05- 29,"56,800","57,000","57,100","56,400",0,0%
2023- 05- 26,"56,600","56,400","57,000","56,400",705.60K,-0.18%
2023- 05- 25,"56,700","56,600","57,000","56,300",1.17M,-0.18%
2023- 05- 24,"56,800","57,500","57,600","56,700",1.25M,-2.07%
2023- 05- 23,"58,000","58,100","58,200","57,600",1.01M,0.17%
2023- 05- 22,"57,900","57,900","58,100","57,600",979.00K,0.00%
2023- 05- 21,"57,900","57,900","58,100","57,600",0,0%
2023- 05- 19,"57,900","57,400","58,200","57,200",1.37M,1.22%
2023- 05- 18,"57,200","58,200","58,400","56,800",1.11M,-0.87%
2023- 05- 17,"57,700","55,900","58,800","55,600",2.03M,2.85%
2023- 05- 16,"56,100","56,700","57,400","56,000",917.20K,-1.23%
2023- 05- 15,"56,800","56,500","57,000","56,100",874.45K,0.35%
2023- 05- 14,"56,800","56,500","57,000","56,100",0,0%
2023- 05- 12,"56,600","56,200","57,200","55,600",1.23M,1.07%
2023- 05- 11,"56,000","56,400","57,100","56,000",1.18M,-0.88%
2023- 05- 10,"56,500","57,100","57,300","56,300",1.35M,-1.74%
2023- 05- 09,"57,500","57,800","58,700","57,300",1.40M,-0.35%
2023- 05- 08,"57,700","57,500","58,200","57,100",1.81M,0.87%
2023- 05- 07,"57,700","57,500","58,200","57,100",0,0%
2023- 05- 04,"57,200","57,200","57,500","56,000",2.27M,-1.89%
2023- 05- 03,"58,300","58,000","58,900","57,800",1.04M,-0.34%
2023- 05- 02,"58,500","58,200","58,600","57,700",1.12M,0.69%
2023- 05- 01,"58,500","58,200","58,600","57,700",0,0%
2023- 04- 28,"58,100","56,400","59,100","56,300",3.11M,4.12%
2023- 04- 27,"55,800","56,200","56,300","55,300",1.30M,-1.24%
2023- 04- 26,"56,500","55,600","57,200","55,600",1.45M,0.89%
2023- 04- 25,"56,000","57,000","57,900","55,700",1.78M,-2.10%
2023- 04- 24,"57,200","57,300","57,800","57,100",952.89K,-1.21%
2023- 04- 23,"57,200","57,300","57,800","57,100",0,0%
2023- 04- 21,"57,900","57,700","58,200","57,200",1.20M,0.00%
2023- 04- 20,"57,900","58,500","58,700","57,800",1.31M,-1.19%
2023- 04- 19,"58,600","59,000","59,100","58,500",1.08M,-0.68%
2023- 04- 18,"59,000","60,200","60,800","58,900",1.73M,-1.83%
2023- 04- 17,"60,100","60,200","60,700","59,600",1.44M,-0.66%
2023- 04- 16,"60,100","60,200","60,700","59,600",0,0%
2023- 04- 14,"60,500","60,100","61,000","59,400",2.45M,1.68%
2023- 04- 13,"59,500","58,500","59,600","58,400",1.59M,1.36%
2023- 04- 12,"58,700","59,200","59,300","58,500",1.48M,-1.01%
2023- 04- 11,"59,300","58,100","60,000","57,500",2.17M,2.07%
2023- 04- 10,"58,100","58,300","58,400","57,100",2.09M,-0.85%
2023- 04- 09,"58,100","58,300","58,400","57,100",0,0%
2023- 04- 07,"58,600","58,600","59,200","58,100",1.64M,0.00%
2023- 04- 06,"58,600","60,100","60,100","58,500",2.64M,-3.14%
2023- 04- 05,"60,500","60,500","61,200","60,200",1.22M,-0.33%
2023- 04- 04,"60,700","60,200","60,800","59,800",1.37M,0.83%
2023- 04- 03,"60,200","61,400","61,600","59,900",1.67M,-1.47%
2023- 04- 02,"60,200","61,400","61,600","59,900",0,0%
2023- 03- 31,"61,100","60,600","61,200","60,000",1.73M,1.66%
2023- 03- 30,"60,100","60,800","60,900","59,900",1.65M,-0.50%
2023- 03- 29,"60,400","60,800","61,400","60,100",1.13M,-0.49%
2023- 03- 28,"60,700","60,600","61,000","59,900",1.32M,0.00%
2023- 03- 27,"60,700","61,500","61,800","59,800",1.48M,-1.14%
2023- 03- 26,"60,700","61,500","61,800","59,800",0,0%
2023- 03- 24,"61,400","61,600","61,900","60,900",1.31M,-0.32%
2023- 03- 23,"61,600","61,800","62,000","60,800",1.67M,-1.75%
2023- 03- 22,"62,700","61,700","62,900","61,300",2.22M,2.96%
2023- 03- 21,"60,900","61,400","61,700","60,500",1.08M,-0.16%
2023- 03- 20,"61,000","60,200","62,000","60,200",2.04M,1.33%
2023- 03- 19,"61,000","60,200","62,000","60,200",0,0%
2023- 03- 17,"60,200","60,600","61,200","59,800",1.64M,0.50%
2023- 03- 16,"59,900","58,400","60,300","58,100",1.97M,1.01%
2023- 03- 15,"59,300","60,600","60,800","58,800",1.86M,-0.17%
2023- 03- 14,"59,400","60,600","61,100","59,200",2.16M,-2.30%
2023- 03- 13,"60,800","60,300","62,400","58,800",5.70M,4.65%
2023- 03- 12,"60,800","60,300","62,400","58,800",0,0%
2023- 03- 10,"58,100","57,900","58,400","57,500",1.99M,-1.53%
2023- 03- 09,"59,000","59,700","60,600","58,900",1.93M,-0.17%
2023- 03- 08,"59,100","61,200","61,200","59,000",2.91M,-3.90%
2023- 03- 07,"61,500","63,000","63,100","61,400",2.31M,-3.30%
2023- 03- 06,"63,600","61,200","63,800","61,100",2.76M,4.26%
2023- 03- 05,"63,600","61,200","63,800","61,100",0,0%
2023- 03- 03,"61,000","61,600","62,200","60,900",1.24M,-0.33%
2023- 03- 02,"61,200","62,200","62,400","60,800",1.83M,-1.92%
2023- 03- 01,"61,200","62,200","62,400","60,800",0,0%
2023- 02- 28,"62,400","62,000","63,400","61,900",1.80M,0.81%
2023- 02- 27,"61,900","61,400","62,200","61,000",1.40M,0.16%
2023- 02- 26,"61,900","61,400","62,200","61,000",0,0%
2023- 02- 24,"61,800","62,500","62,900","61,600",1.33M,-1.12%
2023- 02- 23,"62,500","62,600","63,200","62,200",1.21M,0.48%
2023- 02- 22,"62,200","61,900","63,000","61,500",1.89M,-1.43%
2023- 02- 21,"63,100","64,500","64,700","63,000",1.63M,-1.71%
2023- 02- 20,"64,200","63,400","64,500","62,800",1.42M,1.42%
2023- 02- 19,"64,200","63,400","64,500","62,800",0,0%
2023- 02- 17,"63,300","63,000","64,400","62,400",1.57M,-1.40%
2023- 02- 16,"64,200","64,400","65,200","63,500",2.53M,0.94%
2023- 02- 15,"63,600","64,600","64,700","62,600",2.97M,-2.15%
2023- 02- 14,"65,000","65,400","66,400","64,800",2.23M,1.09%
2023- 02- 13,"64,300","66,700","66,800","64,200",4.27M,-4.88%
2023- 02- 12,"64,300","66,700","66,800","64,200",0,0%
2023- 02- 10,"67,600","69,200","70,200","66,300",5.34M,-4.65%
2023- 02- 09,"70,900","67,900","71,300","67,100",3.58M,2.60%
2023- 02- 08,"69,100","68,500","69,900","68,200",3.10M,1.62%
2023- 02- 07,"68,000","65,300","68,800","64,900",2.98M,4.29%
2023- 02- 06,"65,200","66,500","67,100","65,200",2.27M,-2.98%
2023- 02- 05,"65,200","66,500","67,100","65,200",0,0%
2023- 02- 03,"67,200","64,900","67,500","64,500",5.00M,4.19%
2023- 02- 02,"64,500","64,400","65,200","63,700",2.91M,3.70%
2023- 02- 01,"62,200","62,000","62,900","61,400",1.57M,1.30%
2023- 01- 31,"61,400","62,700","63,500","61,200",2.38M,-3.31%
2023- 01- 30,"63,500","64,800","65,400","63,200",1.78M,-1.85%
2023- 01- 29,"63,500","64,800","65,400","63,200",0,0%
2023- 01- 27,"64,700","64,000","65,500","63,400",2.58M,1.57%
2023- 01- 26,"63,700","62,800","63,700","61,700",1.65M,1.76%
2023- 01- 25,"62,600","62,500","63,800","62,100",2.00M,2.29%
2023- 01- 24,"62,600","62,500","63,800","62,100",0,0%
2023- 01- 20,"61,200","60,500","61,900","60,500",1.37M,0.66%
2023- 01- 19,"60,800","61,100","61,400","60,200",1.67M,-1.30%
2023- 01- 18,"61,600","61,500","62,500","61,100",1.63M,-0.32%
2023- 01- 17,"61,800","64,500","64,500","61,400",3.18M,-4.19%
2023- 01- 16,"64,500","62,300","65,000","62,000",2.98M,4.03%
2023- 01- 15,"64,500","62,300","65,000","62,000",0,0%
2023- 01- 13,"62,000","62,100","63,000","61,500",2.24M,0.81%
2023- 01- 12,"61,500","63,000","63,400","61,100",2.18M,-0.65%
2023- 01- 11,"61,900","61,700","62,500","60,800",2.54M,1.98%
2023- 01- 10,"60,700","60,700","61,700","60,400",2.13M,-0.65%
2023- 01- 09,"61,100","58,700","61,200","58,300",3.46M,6.82%
2023- 01- 08,"61,100","58,700","61,200","58,300",0,0%
2023- 01- 06,"57,200","57,200","58,000","56,500",1.41M,-0.87%
2023- 01- 05,"57,700","55,800","58,200","55,700",3.04M,3.59%
2023- 01- 04,"55,700","53,200","56,000","53,100",2.24M,4.50%
2023- 01- 03,"53,300","52,400","53,500","51,400",1.41M,1.14%
2023- 01- 02,"52,700","53,600","53,800","52,400",878.14K,-0.75%
2022- 12- 29,"53,100","53,500","55,300","52,900",1.31M,-0.93%
2022- 12- 28,"53,600","53,900","54,700","52,900",1.26M,-1.47%
2022- 12- 27,"54,400","53,900","54,700","53,600",1.22M,1.49%
2022- 12- 26,"53,600","53,400","53,800","52,700",983.55K,0.37%
2022- 12- 25,"53,600","53,400","53,800","52,700",0,0%
2022- 12- 23,"53,400","54,000","54,300","53,100",1.33M,-3.09%
2022- 12- 22,"55,100","55,000","55,700","54,100",1.22M,1.66%
2022- 12- 21,"54,200","54,900","55,200","53,700",975.20K,-0.18%
2022- 12- 20,"54,300","55,300","55,700","53,900",1.38M,-2.69%
2022- 12- 19,"55,800","53,900","56,400","53,900",1.35M,2.57%
2022- 12- 18,"55,800","53,900","56,400","53,900",0,0%
2022- 12- 16,"54,400","53,500","54,900","53,100",2.46M,-1.63%
2022- 12- 15,"55,300","57,900","58,000","55,300",2.99M,-5.79%
2022- 12- 14,"58,700","58,800","59,500","58,300",1.54M,0.86%
2022- 12- 13,"58,200","59,000","59,700","57,700",1.52M,0.17%
2022- 12- 12,"58,100","57,700","58,700","57,000",1.40M,0.00%
2022- 12- 11,"58,100","57,700","58,700","57,000",0,0%
2022- 12- 09,"58,100","56,100","58,200","56,000",2.39M,4.68%
2022- 12- 08,"55,500","55,900","56,100","54,900",1.36M,0.00%
2022- 12- 07,"55,500","55,700","56,600","55,400",1.00M,-0.89%
2022- 12- 06,"56,000","57,300","57,900","56,000",1.37M,-3.45%
2022- 12- 05,"58,000","57,200","59,000","57,200",1.88M,1.93%
2022- 12- 04,"58,000","57,200","59,000","57,200",0,0%
2022- 12- 02,"56,900","57,900","58,300","56,900",1.15M,-1.73%
2022- 12- 01,"57,900","59,200","59,600","57,700",2.88M,2.66%
2022- 11- 30,"56,400","55,600","56,400","55,100",1.40M,0.89%
2022- 11- 29,"55,900","54,200","56,200","54,100",1.35M,2.38%
2022- 11- 28,"54,600","55,800","55,800","54,500",1.36M,-2.67%
2022- 11- 27,"54,600","55,800","55,800","54,500",0,0%
2022- 11- 25,"56,100","56,200","57,300","55,600",1.31M,-2.26%
2022- 11- 24,"57,400","56,200","58,000","56,000",1.80M,3.05%
2022- 11- 23,"55,700","56,300","57,700","55,400",2.54M,2.58%
2022- 11- 22,"54,300","55,900","56,100","54,100",1.74M,-3.55%
2022- 11- 21,"56,300","57,500","58,300","56,000",1.76M,-2.43%
2022- 11- 20,"56,300","57,500","58,300","56,000",0,0%
2022- 11- 18,"57,700","58,900","59,200","57,600",1.69M,-2.37%
2022- 11- 17,"59,100","58,000","59,200","57,600",1.73M,0.85%
2022- 11- 16,"58,600","59,700","59,900","57,800",2.44M,-0.17%
2022- 11- 15,"58,700","58,500","58,900","57,300",2.34M,0.34%
2022- 11- 14,"58,500","59,300","60,200","58,000",5.37M,-0.34%
2022- 11- 13,"58,500","59,300","60,200","58,000",0,0%
2022- 11- 11,"58,700","54,500","61,000","53,600",17.30M,15.55%
2022- 11- 10,"50,800","51,300","51,800","50,700",2.27M,-2.50%
2022- 11- 09,"52,100","52,000","53,800","51,700",3.99M,1.17%
2022- 11- 08,"51,500","50,200","51,600","50,000",4.43M,3.31%
2022- 11- 07,"49,850","50,500","50,700","49,700",2.51M,-0.89%
2022- 11- 06,"49,850","50,500","50,700","49,700",0,0%
2022- 11- 04,"50,300","49,500","50,600","48,950",3.22M,0.40%
2022- 11- 03,"50,100","50,800","51,200","49,700",3.55M,-4.21%
2022- 11- 02,"52,300","50,100","53,100","49,700",4.91M,3.16%
2022- 11- 01,"50,700","50,400","50,800","49,650",1.64M,0.00%
2022- 10- 31,"50,700","49,600","50,700","48,700",3.11M,4.00%
2022- 10- 30,"50,700","49,600","50,700","48,700",0,0%
2022- 10- 28,"48,750","48,200","49,450","47,800",1.86M,0.00%
2022- 10- 27,"48,750","47,700","48,850","47,200",2.43M,2.20%
2022- 10- 26,"47,700","48,950","48,950","47,650",2.13M,-2.25%
2022- 10- 25,"48,800","48,800","49,550","48,550",1.90M,0.72%
2022- 10- 24,"48,450","50,000","50,600","48,300",2.83M,-0.82%
2022- 10- 23,"48,450","50,000","50,600","48,300",0,0%
2022- 10- 21,"48,850","47,650","49,650","47,050",3.33M,2.30%
2022- 10- 20,"47,750","49,800","49,800","47,300",4.21M,-4.12%
2022- 10- 19,"49,800","49,800","52,200","49,400",4.52M,0.81%
2022- 10- 18,"49,400","48,900","50,200","48,400",6.26M,2.17%
2022- 10- 17,"48,350","48,000","49,150","46,500",9.66M,-5.93%
2022- 10- 16,"48,350","48,000","49,150","46,500",0,0%
2022- 10- 14,"51,400","49,050","51,500","49,050",3.85M,8.67%
2022- 10- 13,"47,300","49,400","49,500","47,300",2.42M,-5.12%
2022- 10- 12,"49,850","49,850","50,300","49,000",2.08M,-0.50%
2022- 10- 11,"50,100","49,350","50,400","48,800",2.42M,-1.57%
2022- 10- 10,"50,100","49,350","50,400","48,800",0,0%
2022- 10- 07,"50,900","54,300","54,800","50,500",4.12M,-7.12%
2022- 10- 06,"54,800","54,600","55,700","53,900",2.11M,0.55%
2022- 10- 05,"54,500","56,700","57,100","54,300",2.09M,-2.50%
2022- 10- 04,"55,900","57,700","58,100","55,100",2.19M,-2.10%
2022- 09- 30,"57,100","55,200","58,000","55,000",1.81M,2.15%
2022- 09- 29,"55,900","57,700","59,000","55,800",2.09M,-1.76%
2022- 09- 28,"56,900","58,600","58,800","56,100",2.34M,-4.05%
2022- 09- 27,"59,300","59,500","60,300","57,800",1.78M,-0.67%
2022- 09- 26,"59,700","60,100","61,000","59,200",1.96M,-2.13%
2022- 09- 25,"59,700","60,100","61,000","59,200",0,0%
2022- 09- 23,"61,000","61,300","61,800","60,900",1.56M,-0.49%
2022- 09- 22,"61,300","62,700","62,800","61,100",1.72M,-4.22%
2022- 09- 21,"64,000","64,900","65,300","63,600",1.05M,-1.99%
2022- 09- 20,"65,300","66,400","66,600","65,300",848.30K,-0.15%
2022- 09- 19,"65,400","67,100","67,300","65,400",1.08M,-2.24%
2022- 09- 18,"65,400","67,100","67,300","65,400",0,0%
2022- 09- 16,"66,900","66,700","67,700","66,300",888.99K,-0.74%
2022- 09- 15,"67,400","68,600","69,000","67,400",976.76K,-1.03%
2022- 09- 14,"68,100","67,000","68,500","66,500",1.82M,-2.71%
2022- 09- 13,"70,000","69,100","70,800","69,100",2.10M,2.94%
2022- 09- 12,"70,000","69,100","70,800","69,100",0,0%
2022- 09- 08,"68,000","68,500","69,200","67,600",1.15M,0.74%
2022- 09- 07,"67,500","69,100","69,200","67,000",1.64M,-3.16%
2022- 09- 06,"69,700","70,000","70,600","69,500",732.51K,-0.43%
2022- 09- 05,"70,000","69,800","70,800","69,400",859.61K,-0.28%
2022- 09- 04,"70,000","69,800","70,800","69,400",0,0%
2022- 09- 02,"70,200","72,100","72,200","70,000",1.19M,-1.68%
2022- 09- 01,"71,400","72,300","72,500","71,200",1.27M,-2.72%
2022- 08- 31,"73,400","72,300","73,700","71,800",1.34M,0.27%
2022- 08- 30,"73,200","72,500","73,500","72,500",788.54K,1.39%
2022- 08- 29,"72,200","72,800","73,400","71,800",1.62M,-5.00%
2022- 08- 28,"72,200","72,800","73,400","71,800",0,0%
2022- 08- 26,"76,000","76,700","77,200","75,500",988.31K,-0.13%
2022- 08- 25,"76,100","75,400","76,800","75,000",1.24M,1.60%
2022- 08- 24,"74,900","74,900","75,500","74,200",930.56K,0.13%
2022- 08- 23,"74,800","74,800","75,800","74,200",1.31M,-0.27%
2022- 08- 22,"75,000","75,600","76,300","74,600",1.24M,-2.22%
2022- 08- 21,"75,000","75,600","76,300","74,600",0,0%
2022- 08- 19,"76,700","78,300","78,800","76,400",1.78M,-3.16%
2022- 08- 18,"79,200","79,400","79,600","77,500",1.63M,-1.12%
2022- 08- 17,"80,100","80,800","81,200","79,600",1.03M,-0.74%
2022- 08- 16,"80,700","83,000","83,200","80,500",1.79M,-2.18%
2022- 08- 12,"82,500","83,000","83,200","81,700",1.06M,-1.43%
2022- 08- 11,"83,700","82,600","84,300","82,400",1.91M,4.23%
2022- 08- 10,"80,300","82,300","82,800","80,300",1.42M,-3.49%
2022- 08- 09,"83,200","81,800","83,800","81,500",1.53M,1.46%
2022- 08- 08,"82,000","80,600","82,000","80,100",1.67M,0.99%
2022- 08- 07,"82,000","80,600","82,000","80,100",0,0%
2022- 08- 05,"81,200","82,000","83,100","80,700",2.47M,-0.61%
2022- 08- 04,"81,700","77,000","81,700","76,800",5.78M,7.50%
2022- 08- 03,"76,000","71,900","76,100","71,500",2.88M,5.85%
2022- 08- 02,"71,800","73,800","73,800","71,600",1.58M,-2.97%
2022- 08- 01,"74,000","74,800","75,200","74,000",903.00K,-1.07%
2022- 07- 31,"74,000","74,800","75,200","74,000",0,0%
2022- 07- 29,"74,800","73,200","75,400","73,200",2.15M,3.31%
2022- 07- 28,"72,400","73,000","74,200","72,100",1.22M,0.70%
2022- 07- 27,"71,900","72,500","72,600","71,200",915.34K,-0.69%
2022- 07- 26,"72,400","72,600","72,900","71,800",691.10K,-0.82%
2022- 07- 25,"73,000","71,600","73,100","71,400",1.03M,1.25%
2022- 07- 24,"73,000","71,600","73,100","71,400",0,0%
2022- 07- 22,"72,100","73,500","73,600","71,600",1.58M,-2.17%
2022- 07- 21,"73,700","73,900","75,000","73,500",1.24M,0.41%
2022- 07- 20,"73,400","74,700","75,600","73,100",1.75M,0.82%
2022- 07- 19,"72,800","72,000","73,200","71,600",944.08K,0.00%
2022- 07- 18,"72,800","71,100","73,200","70,600",1.67M,3.85%
2022- 07- 17,"72,800","71,100","73,200","70,600",0,0%
2022- 07- 15,"70,100","72,100","72,200","69,400",1.46M,-2.77%
2022- 07- 14,"72,100","71,000","73,400","70,400",1.59M,0.28%
2022- 07- 13,"71,900","70,100","72,200","70,100",1.15M,2.28%
2022- 07- 12,"70,300","70,700","71,000","69,400",1.07M,-1.40%
2022- 07- 11,"71,300","71,900","72,800","71,100",968.32K,-0.70%
2022- 07- 08,"71,800","73,900","73,900","71,800",1.41M,-1.64%
2022- 07- 07,"73,000","74,500","74,900","72,700",1.60M,-0.68%
2022- 07- 06,"73,500","71,300","75,000","71,200",2.71M,2.08%
2022- 07- 05,"72,000","68,700","72,500","68,300",2.11M,5.73%
2022- 07- 04,"68,100","67,300","69,000","66,200",1.01M,1.19%
2022- 07- 03,"68,100","67,300","69,000","66,200",0,0%
2022- 07- 01,"67,300","70,000","70,300","66,600",1.80M,-3.72%
2022- 06- 30,"69,900","70,400","71,100","69,900",1.33M,-1.27%
2022- 06- 29,"70,800","70,100","71,300","69,700",1.18M,-1.12%
2022- 06- 28,"71,600","71,600","72,300","70,600",1.08M,-0.28%
2022- 06- 27,"71,800","72,400","72,900","70,600",1.46M,0.42%
2022- 06- 26,"71,800","72,400","72,900","70,600",0,0%
2022- 06- 24,"71,500","67,400","71,500","67,400",2.32M,6.56%
2022- 06- 23,"67,100","68,300","69,300","66,700",1.97M,-2.04%
2022- 06- 22,"68,500","70,900","71,000","68,500",1.89M,-2.84%
2022- 06- 21,"70,500","69,600","70,700","69,200",1.51M,1.29%
2022- 06- 20,"69,600","72,300","72,900","68,700",2.42M,-3.60%
2022- 06- 19,"69,600","72,300","72,900","68,700",0,0%
2022- 06- 17,"72,200","70,200","73,000","70,200",2.90M,-0.14%
2022- 06- 16,"72,300","74,400","75,200","71,900",2.01M,-0.55%
2022- 06- 15,"72,700","76,100","76,500","72,100",2.82M,-5.09%
2022- 06- 14,"76,600","74,900","76,900","74,200",2.32M,0.13%
2022- 06- 13,"76,500","77,800","78,200","76,100",2.15M,-4.49%
2022- 06- 12,"76,500","77,800","78,200","76,100",0,0%
2022- 06- 10,"80,100","80,400","81,000","80,000",1.41M,-1.48%
2022- 06- 09,"81,300","81,100","81,800","80,300",1.72M,-0.25%
2022- 06- 08,"81,500","82,700","82,800","81,200",1.31M,-0.49%
2022- 06- 07,"81,900","84,500","84,800","81,600",2.37M,-4.43%
2022- 06- 06,"81,900","84,500","84,800","81,600",0,0%
2022- 06- 03,"85,700","84,800","87,400","84,700",2.36M,2.39%
2022- 06- 02,"83,700","84,000","84,200","82,900",1.14M,-1.53%
2022- 06- 01,"83,700","84,000","84,200","82,900",0,0%
2022- 05- 31,"85,000","84,100","85,000","82,900",2.15M,1.31%
2022- 05- 30,"83,900","82,800","84,000","82,600",2.08M,2.69%
2022- 05- 27,"81,700","82,400","83,000","81,500",1.03M,0.25%
2022- 05- 26,"81,500","81,900","83,300","81,000",1.33M,-0.37%
2022- 05- 25,"81,800","81,000","82,000","80,300",1.36M,1.49%
2022- 05- 24,"80,600","82,500","82,600","80,600",1.15M,-2.77%
2022- 05- 23,"82,900","82,700","83,500","82,400",929.58K,-0.12%
2022- 05- 22,"82,900","82,700","83,500","82,400",0,0%
2022- 05- 20,"83,000","80,800","83,300","80,400",1.56M,3.23%
2022- 05- 19,"80,400","80,500","81,000","80,000",1.51M,-2.66%
2022- 05- 18,"82,600","83,700","84,000","82,500",1.20M,-0.72%
2022- 05- 17,"83,200","82,300","83,400","82,100",1.21M,1.09%
2022- 05- 16,"82,300","83,300","84,300","82,100",1.59M,0.61%
2022- 05- 15,"82,300","83,300","84,300","82,100",0,0%
2022- 05- 13,"81,800","80,700","81,900","80,300",1.52M,1.36%
2022- 05- 12,"80,700","83,700","84,000","80,600",2.96M,-5.50%
2022- 05- 11,"85,400","83,800","85,400","83,300",1.36M,2.15%
2022- 05- 10,"83,600","82,000","84,300","81,900",2.38M,-0.59%
2022- 05- 09,"84,100","84,000","85,000","82,800",1.52M,-0.24%
2022- 05- 08,"84,100","84,000","85,000","82,800",0,0%
2022- 05- 06,"84,300","86,500","86,600","84,100",3.57M,-5.28%
2022- 05- 05,"84,300","86,500","86,600","84,100",0,0%
2022- 05- 04,"89,000","88,600","91,900","88,300",1.86M,0.56%
2022- 05- 03,"88,500","87,300","89,200","87,000",1.43M,1.37%
2022- 05- 02,"87,300","88,400","88,900","87,000",1.72M,-2.89%
2022- 05- 01,"87,300","88,400","88,900","87,000",0,0%
2022- 04- 29,"89,900","89,300","90,400","88,700",1.10M,0.67%
2022- 04- 28,"89,300","89,700","89,800","88,100",1.20M,1.02%
2022- 04- 27,"88,400","87,600","88,900","87,600",1.38M,-2.00%
2022- 04- 26,"90,200","89,800","91,700","89,700",1.36M,0.56%
2022- 04- 25,"89,700","90,400","91,600","89,600",1.50M,-2.50%
2022- 04- 24,"89,700","90,400","91,600","89,600",0,0%
2022- 04- 22,"92,000","92,200","92,400","91,400",1.55M,-1.71%
2022- 04- 21,"93,600","95,100","95,100","93,100",1.77M,-1.58%
2022- 04- 20,"95,100","96,100","96,200","94,600",876.64K,0.00%
2022- 04- 19,"95,100","95,000","96,500","94,900",831.80K,0.74%
2022- 04- 18,"94,400","94,500","94,900","94,000",767.21K,-1.05%
2022- 04- 17,"94,400","94,500","94,900","94,000",0,0%
2022- 04- 15,"95,400","95,000","96,700","93,700",1.08M,-0.73%
2022- 04- 14,"96,100","96,400","96,500","94,500",1.29M,0.31%
2022- 04- 13,"95,800","95,000","96,200","94,600",1.40M,1.81%
2022- 04- 12,"94,100","93,400","95,100","92,100",1.89M,-1.05%
2022- 04- 11,"95,100","97,100","97,100","94,600",2.04M,-2.96%
2022- 04- 10,"95,100","97,100","97,100","94,600",0,0%
2022- 04- 08,"98,000","100,000","100,500","96,500",2.92M,-1.90%
2022- 04- 07,"99,900","103,000","103,500","99,900",2.87M,-4.86%
2022- 04- 06,"105,000","105,500","106,500","104,000",1.52M,-2.33%
2022- 04- 05,"107,500","106,500","108,000","106,000",1.61M,1.90%
2022- 04- 04,"105,500","105,500","106,000","104,000",1.27M,-0.47%
2022- 04- 03,"105,500","105,500","106,000","104,000",0,0%
2022- 04- 01,"106,000","105,500","106,500","105,000",1.16M,-0.47%
2022- 03- 31,"106,500","106,000","107,500","105,500",1.05M,0.00%
2022- 03- 30,"106,500","107,000","108,000","106,000",1.10M,0.95%
2022- 03- 29,"105,500","106,000","106,500","104,500",1.31M,0.48%
2022- 03- 28,"105,000","105,000","105,500","102,500",1.53M,0.00%
2022- 03- 27,"105,000","105,000","105,500","102,500",0,0%
2022- 03- 25,"105,000","106,000","107,000","104,000",1.94M,0.00%
2022- 03- 24,"105,000","105,000","105,500","103,000",2.06M,-1.41%
2022- 03- 23,"106,500","107,500","108,500","104,500",2.30M,0.00%
2022- 03- 22,"106,500","104,500","108,000","104,500",2.04M,1.43%
2022- 03- 21,"105,000","108,500","110,000","104,000",3.27M,-3.23%
2022- 03- 20,"105,000","108,500","110,000","104,000",0,0%
2022- 03- 18,"108,500","107,500","109,000","106,000",2.96M,1.88%
2022- 03- 17,"106,500","106,000","109,000","105,500",3.49M,2.40%
2022- 03- 16,"104,000","105,000","105,500","102,000",1.75M,0.97%
2022- 03- 15,"103,000","103,500","104,500","101,000",1.77M,-0.48%
2022- 03- 14,"103,500","102,500","105,000","102,000",3.64M,1.97%
2022- 03- 13,"103,500","102,500","105,000","102,000",0,0%
2022- 03- 11,"101,500","100,000","102,000","98,400",3.14M,1.50%
2022- 03- 10,"100,000","94,400","100,000","94,300",5.66M,8.58%
2022- 03- 09,"100,000","94,400","100,000","94,300",0,0%
2022- 03- 08,"92,100","90,000","94,000","89,600",1.76M,0.55%
2022- 03- 07,"91,600","93,400","93,500","91,600",1.93M,-3.27%
2022- 03- 06,"91,600","93,400","93,500","91,600",0,0%
2022- 03- 04,"94,700","96,200","96,300","94,500",1.53M,-1.97%
2022- 03- 03,"96,600","96,100","97,300","95,300",1.73M,1.36%
2022- 03- 02,"95,300","94,400","95,700","93,900",2.16M,1.28%
2022- 03- 01,"95,300","94,400","95,700","93,900",0,0%
2022- 02- 28,"94,100","94,100","94,900","93,100",2.16M,-0.32%
2022- 02- 27,"94,100","94,100","94,900","93,100",0,0%
2022- 02- 25,"94,400","92,100","95,000","91,800",3.68M,4.89%
2022- 02- 24,"90,000","91,100","91,800","89,300",2.15M,-2.81%
2022- 02- 23,"92,600","92,500","93,800","91,900",1.73M,0.87%
2022- 02- 22,"91,800","91,700","93,200","91,200",1.87M,-1.50%
2022- 02- 21,"93,200","90,100","94,500","89,900",2.84M,1.97%
2022- 02- 20,"93,200","90,100","94,500","89,900",0,0%
2022- 02- 18,"91,400","89,200","92,500","88,700",2.21M,0.88%
2022- 02- 17,"90,600","91,900","92,100","89,200",2.84M,-1.41%
2022- 02- 16,"91,900","90,200","92,100","89,600",2.46M,4.08%
2022- 02- 15,"88,300","89,200","91,000","87,900",2.22M,-0.56%
2022- 02- 14,"88,800","90,300","90,800","87,500",3.98M,-3.16%
2022- 02- 13,"88,800","90,300","90,800","87,500",0,0%
2022- 02- 11,"91,700","87,300","93,600","85,300",6.97M,5.04%
2022- 02- 10,"87,300","86,900","89,400","86,000",3.36M,1.39%
2022- 02- 09,"86,100","86,900","87,300","85,700",1.61M,-0.46%
2022- 02- 08,"86,500","88,000","89,200","86,000",2.01M,-1.70%
2022- 02- 07,"88,000","87,300","88,000","85,000",2.21M,1.03%
2022- 02- 06,"88,000","87,300","88,000","85,000",0,0%
2022- 02- 04,"87,100","85,100","87,500","84,500",1.86M,2.35%
2022- 02- 03,"85,100","87,100","88,300","85,100",2.84M,0.12%
2022- 01- 28,"85,000","82,800","85,600","82,200",2.94M,2.91%
2022- 01- 27,"82,600","87,000","87,500","82,600",3.75M,-4.95%
2022- 01- 26,"86,900","87,300","88,600","86,600",2.19M,-0.80%
2022- 01- 25,"87,600","90,300","90,700","87,500",2.79M,-2.67%
2022- 01- 24,"90,000","90,900","92,100","89,700",2.00M,-1.96%
2022- 01- 23,"90,000","90,900","92,100","89,700",0,0%
2022- 01- 21,"91,800","91,100","94,100","90,600",2.95M,-0.54%
2022- 01- 20,"92,300","90,800","92,700","88,800",2.99M,2.10%
2022- 01- 19,"90,400","88,400","90,400","87,300",4.56M,-1.74%
2022- 01- 18,"92,000","92,900","94,400","92,000",1.61M,-0.97%
2022- 01- 17,"92,900","92,900","94,300","92,000",2.57M,-1.06%
2022- 01- 16,"92,900","92,900","94,300","92,000",0,0%
2022- 01- 14,"93,900","95,200","95,300","93,600",2.67M,-2.90%
2022- 01- 13,"96,700","97,500","98,200","96,200",2.51M,-0.51%
2022- 01- 12,"97,200","96,100","98,600","96,100",3.34M,2.32%
2022- 01- 11,"95,000","96,000","97,200","94,500",4.36M,-1.66%
2022- 01- 10,"96,600","100,000","100,500","95,200",5.35M,-3.40%
2022- 01- 09,"96,600","100,000","100,500","95,200",0,0%
2022- 01- 07,"100,000","100,000","101,500","99,800",3.87M,0.00%
2022- 01- 06,"100,000","102,500","103,000","99,900",7.10M,-5.21%
2022- 01- 05,"105,500","111,000","111,000","105,000",5.08M,-5.38%
2022- 01- 04,"111,500","114,000","114,500","111,000",2.38M,-2.62%
2022- 01- 03,"114,500","113,500","117,000","113,000",1.83M,1.78%
2021- 12- 30,"112,500","114,000","114,500","112,500",1.21M,-1.32%
2021- 12- 29,"114,000","115,500","117,500","114,000",1.79M,0.44%
2021- 12- 28,"113,500","113,000","114,000","113,000",2.35M,0.44%
2021- 12- 27,"113,000","114,000","114,500","113,000",1.10M,-1.31%
2021- 12- 26,"113,000","114,000","114,500","113,000",0,0%
2021- 12- 24,"114,500","113,000","115,000","112,500",1.48M,1.33%
2021- 12- 23,"113,000","114,500","115,000","113,000",1.11M,-1.31%
2021- 12- 22,"114,500","115,000","115,500","113,500",1.03M,0.00%
2021- 12- 21,"114,500","112,500","115,000","112,500",1.26M,1.33%
2021- 12- 20,"113,000","116,500","117,000","113,000",2.96M,-3.83%
2021- 12- 19,"113,000","116,500","117,000","113,000",0,0%
2021- 12- 17,"117,500","118,000","119,000","117,500",1.26M,-1.67%
2021- 12- 16,"119,500","119,500","120,500","118,500",1.16M,0.84%
2021- 12- 15,"118,500","117,500","119,000","117,000",1.06M,0.00%
2021- 12- 14,"118,500","118,500","119,000","117,000",1.71M,-1.25%
2021- 12- 13,"120,000","123,000","123,000","120,000",1.39M,-2.04%
2021- 12- 12,"120,000","123,000","123,000","120,000",0,0%
2021- 12- 10,"122,500","122,000","122,500","121,000",957.00K,0.00%
2021- 12- 09,"122,500","120,500","122,500","120,000",2.33M,1.24%
2021- 12- 08,"121,000","121,500","123,500","120,500",2.18M,0.41%
2021- 12- 07,"120,500","121,500","122,000","120,000",1.20M,-0.41%
2021- 12- 06,"121,000","122,500","122,500","120,500",1.47M,-2.02%
2021- 12- 05,"121,000","122,500","122,500","120,500",0,0%
2021- 12- 03,"123,500","122,000","124,000","121,500",1.46M,0.82%
2021- 12- 02,"122,500","121,500","123,000","120,000",2.02M,0.00%
2021- 12- 01,"122,500","121,500","123,500","121,000",1.47M,0.41%
2021- 11- 30,"122,000","124,000","124,500","121,500",3.75M,-0.81%
2021- 11- 29,"123,000","123,000","125,500","122,000",2.01M,-1.99%
2021- 11- 28,"123,000","123,000","125,500","122,000",0,0%
2021- 11- 26,"125,500","127,500","128,500","125,000",1.65M,-1.95%
2021- 11- 25,"128,000","125,000","128,500","124,500",2.88M,2.81%
2021- 11- 24,"124,500","124,500","125,500","123,500",1.22M,0.00%
2021- 11- 23,"124,500","127,500","128,000","124,000",1.96M,-3.11%
2021- 11- 22,"128,500","127,000","129,000","125,500",2.19M,1.18%
2021- 11- 21,"128,500","127,000","129,000","125,500",0,0%
2021- 11- 19,"127,000","125,000","127,500","124,500",1.50M,2.01%
2021- 11- 18,"124,500","125,000","126,000","123,000",1.48M,-0.40%
2021- 11- 17,"125,000","128,000","129,000","125,000",1.66M,-1.96%
2021- 11- 16,"127,500","129,000","130,000","127,000",1.57M,-1.16%
2021- 11- 15,"129,000","127,000","129,500","127,000",1.70M,1.57%
2021- 11- 14,"129,000","127,000","129,500","127,000",0,0%
2021- 11- 12,"127,000","126,000","128,000","124,500",2.09M,1.20%
2021- 11- 11,"125,500","123,000","125,500","121,500",1.94M,1.21%
2021- 11- 10,"124,000","125,500","127,500","123,500",1.56M,-1.20%
2021- 11- 09,"125,500","124,500","127,000","124,500",1.98M,0.40%
2021- 11- 08,"125,000","128,500","128,500","123,000",4.02M,-2.72%
2021- 11- 07,"125,000","128,500","128,500","123,000",0,0%
2021- 11- 05,"128,500","131,000","131,000","126,500",2.80M,-1.15%
2021- 11- 04,"130,000","126,000","130,500","125,500",5.97M,4.42%
2021- 11- 03,"124,500","128,000","128,500","123,500",2.89M,-2.73%
2021- 11- 02,"128,000","126,000","128,500","126,000",1.64M,1.99%
2021- 11- 01,"125,500","126,000","127,000","125,000",1.07M,0.00%
2021- 10- 31,"125,500","126,000","127,000","125,000",0,0%
2021- 10- 29,"125,500","125,500","126,500","123,000",1.87M,0.00%
2021- 10- 28,"125,500","129,000","130,000","125,000",1.77M,-2.33%
2021- 10- 27,"128,500","128,000","129,000","126,500",1.44M,0.78%
2021- 10- 26,"127,500","126,000","128,000","126,000",1.24M,1.19%
2021- 10- 25,"126,000","126,500","127,500","123,500",2.30M,-1.18%
2021- 10- 24,"126,000","126,500","127,500","123,500",0,0%
2021- 10- 22,"127,500","128,000","129,500","125,500",1.97M,-0.39%
2021- 10- 21,"128,000","128,500","130,000","127,500",2.28M,0.00%
2021- 10- 20,"128,000","129,500","130,500","127,000",4.94M,0.39%
2021- 10- 19,"127,500","123,000","127,500","121,500",3.99M,4.94%
2021- 10- 18,"121,500","123,000","123,000","120,500",1.82M,-0.41%
2021- 10- 17,"121,500","123,000","123,000","120,500",0,0%
2021- 10- 15,"122,000","123,000","123,500","120,000",2.29M,0.41%
2021- 10- 14,"121,500","118,500","122,000","118,500",3.88M,3.85%
2021- 10- 13,"117,000","114,000","118,500","114,000",2.69M,3.08%
2021- 10- 12,"113,500","117,000","118,500","113,000",3.80M,-3.40%
2021- 10- 11,"113,500","117,000","118,500","113,000",0,0%
2021- 10- 08,"117,500","121,500","121,500","117,500",3.90M,-1.67%
2021- 10- 07,"119,500","115,000","119,500","115,000",5.12M,5.75%
2021- 10- 06,"113,000","112,500","116,000","112,000",4.58M,1.80%
2021- 10- 05,"111,000","114,500","116,000","110,500",4.87M,-4.72%
2021- 10- 04,"111,000","114,500","116,000","110,500",0,0%
2021- 10- 01,"116,500","118,000","120,000","116,000",2.32M,-1.27%
2021- 09- 30,"118,000","115,000","120,500","114,500",4.63M,1.29%
2021- 09- 29,"116,500","115,000","117,500","114,500",3.15M,-0.85%
2021- 09- 28,"117,500","120,500","121,500","117,500",3.42M,-2.08%
2021- 09- 27,"120,000","120,000","122,500","119,500",3.62M,0.42%
2021- 09- 26,"120,000","120,000","122,500","119,500",0,0%
2021- 09- 24,"119,500","116,000","121,000","116,000",5.29M,3.91%
2021- 09- 23,"115,000","116,500","118,000","114,000",6.28M,-3.77%
2021- 09- 22,"115,000","116,500","118,000","114,000",0,0%
2021- 09- 17,"119,500","121,500","121,500","118,000",4.73M,-1.65%
2021- 09- 16,"121,500","123,000","125,000","121,000",4.74M,-0.82%
2021- 09- 15,"122,500","123,500","127,500","122,000",9.03M,-1.21%
2021- 09- 14,"124,000","122,500","126,000","118,000",18.76M,-0.40%
2021- 09- 13,"124,500","126,500","130,000","122,500",8.58M,-4.23%
2021- 09- 12,"124,500","126,500","130,000","122,500",0,0%
2021- 09- 10,"130,000","127,000","133,500","126,000",9.85M,1.17%
2021- 09- 09,"128,500","134,000","134,500","128,000",14.25M,-7.22%
2021- 09- 08,"138,500","151,500","151,500","136,500",16.61M,-10.06%
2021- 09- 07,"154,000","155,500","156,000","153,500",1.06M,-0.96%
2021- 09- 06,"155,500","156,000","156,500","152,500",1.88M,-0.64%
2021- 09- 05,"155,500","156,000","156,500","152,500",0,0%
2021- 09- 03,"156,500","155,500","157,500","154,500",1.92M,0.97%
2021- 09- 02,"155,000","154,500","156,000","153,500",1.63M,0.65%
2021- 09- 01,"154,000","155,000","156,000","154,000",2.00M,-0.65%
2021- 08- 31,"155,000","152,500","155,000","151,000",3.03M,2.31%
2021- 08- 30,"151,500","152,000","153,000","150,500",1.62M,1.00%
2021- 08- 29,"151,500","152,000","153,000","150,500",0,0%
2021- 08- 27,"150,000","149,000","150,000","147,000",1.42M,0.33%
2021- 08- 26,"149,500","151,500","152,500","147,500",2.35M,-0.99%
2021- 08- 25,"151,000","149,000","153,500","148,500",2.89M,1.34%
2021- 08- 24,"149,000","150,000","150,500","148,000",2.02M,0.34%
2021- 08- 23,"148,500","146,000","148,500","144,500",2.66M,3.13%
2021- 08- 22,"148,500","146,000","148,500","144,500",0,0%
2021- 08- 20,"144,000","146,500","149,000","143,000",2.76M,-1.71%
2021- 08- 19,"146,500","144,000","149,000","144,000",2.79M,0.69%
2021- 08- 18,"145,500","142,000","146,500","141,500",2.71M,2.46%
2021- 08- 17,"142,000","146,000","147,500","141,000",3.31M,-2.74%
2021- 08- 16,"142,000","146,000","147,500","141,000",0,0%
2021- 08- 13,"146,000","147,500","147,500","144,500",2.14M,-1.02%
2021- 08- 12,"147,500","146,000","148,000","144,000",2.94M,2.43%
2021- 08- 11,"144,000","145,500","147,500","144,000",1.74M,-1.71%
2021- 08- 10,"146,500","148,000","148,500","144,500",2.07M,-1.01%
2021- 08- 09,"148,000","145,500","149,000","144,000",3.00M,1.72%
2021- 08- 08,"148,000","145,500","149,000","144,000",0,0%
2021- 08- 06,"145,500","149,500","149,500","145,000",4.12M,-2.35%
2021- 08- 05,"149,000","150,000","151,500","148,500",2.24M,-0.33%
2021- 08- 04,"149,500","144,500","150,000","144,000",3.11M,3.82%
2021- 08- 03,"144,000","146,000","146,500","143,000",2.68M,-1.37%
2021- 08- 02,"146,000","147,000","148,500","145,000",2.16M,-0.68%
2021- 08- 01,"146,000","147,000","148,500","145,000",0,0%
2021- 07- 30,"147,000","149,000","149,500","147,000",2.05M,-1.01%
2021- 07- 29,"148,500","148,500","149,000","147,500",1.75M,0.34%
2021- 07- 28,"148,000","147,000","149,500","146,500",2.68M,0.00%
2021- 07- 27,"148,000","147,500","149,000","145,500",3.34M,0.34%
2021- 07- 26,"147,500","151,500","153,000","146,500",4.05M,-1.34%
2021- 07- 25,"147,500","151,500","153,000","146,500",0,0%
2021- 07- 23,"149,500","148,500","153,500","147,500",5.20M,1.36%
2021- 07- 22,"147,500","144,500","148,000","142,500",5.70M,1.72%
2021- 07- 21,"145,000","153,000","155,500","144,500",10.35M,-4.61%
2021- 07- 20,"152,000","151,500","153,000","149,000",6.62M,-1.30%
2021- 07- 19,"154,000","155,500","155,500","154,000",3.41M,-1.91%
2021- 07- 18,"154,000","155,500","155,500","154,000",0,0%
2021- 07- 16,"157,000","158,500","159,500","157,000",3.39M,-1.57%
2021- 07- 15,"159,500","162,000","162,000","158,500",3.76M,-1.54%
2021- 07- 14,"162,000","161,500","164,500","161,000",3.22M,0.62%
2021- 07- 13,"161,000","162,500","163,500","160,500",3.78M,-0.62%
2021- 07- 12,"162,000","161,000","162,500","158,000",3.23M,0.93%
2021- 07- 11,"162,000","161,000","162,500","158,000",0,0%
2021- 07- 09,"160,500","161,500","162,000","158,500",3.77M,-1.53%
2021- 07- 08,"163,000","161,500","164,500","161,000",4.09M,1.24%
2021- 07- 07,"161,000","158,500","163,500","158,500",4.38M,2.22%
2021- 07- 06,"157,500","157,500","159,000","157,000",2.02M,0.32%
2021- 07- 05,"157,000","160,500","162,000","156,500",4.48M,-1.57%
2021- 07- 04,"157,000","160,500","162,000","156,500",0,0%
2021- 07- 02,"159,500","158,500","161,500","156,000",4.37M,-0.31%
2021- 07- 01,"160,000","164,000","165,500","159,500",4.61M,-1.84%
2021- 06- 30,"163,000","159,000","165,000","157,500",7.24M,3.16%
2021- 06- 29,"158,000","156,000","158,000","154,500",3.91M,1.94%
2021- 06- 28,"155,000","154,500","157,500","154,000",5.09M,0.32%
2021- 06- 27,"155,000","154,500","157,500","154,000",0,0%
2021- 06- 25,"154,500","155,000","159,500","150,500",12.22M,-1.59%
2021- 06- 24,"157,000","172,000","173,000","155,500",18.28M,-7.37%
2021- 06- 23,"169,500","162,500","170,000","161,000",8.98M,6.60%
2021- 06- 22,"159,000","158,000","159,000","155,500",4.59M,2.58%
2021- 06- 21,"155,000","155,500","159,500","152,000",8.30M,0.00%
2021- 06- 20,"155,000","155,500","159,500","152,000",0,0%
2021- 06- 18,"155,000","150,000","157,500","149,500",7.64M,4.73%
2021- 06- 17,"148,000","142,000","149,500","140,500",5.38M,3.50%
2021- 06- 16,"143,000","144,000","146,000","142,500",4.97M,-1.04%
2021- 06- 15,"144,500","143,500","144,500","140,500",4.92M,1.40%
2021- 06- 14,"142,500","136,000","143,000","136,000",6.20M,5.17%
2021- 06- 13,"142,500","136,000","143,000","136,000",0,0%
2021- 06- 11,"135,500","134,500","136,500","132,000",3.64M,1.50%
2021- 06- 10,"133,500","130,000","135,000","129,500",5.27M,3.49%
2021- 06- 09,"129,000","128,500","130,000","128,500",1.93M,0.39%
2021- 06- 08,"128,500","127,000","128,500","126,500",2.24M,1.98%
2021- 06- 07,"126,000","125,000","127,000","125,000",1.89M,1.61%
2021- 06- 06,"126,000","125,000","127,000","125,000",0,0%
2021- 06- 04,"124,000","126,000","126,000","123,000",2.66M,-1.98%
2021- 06- 03,"126,500","127,500","128,500","126,000",1.72M,-0.39%
2021- 06- 02,"127,000","128,000","129,500","126,000",2.58M,0.00%
2021- 06- 01,"127,000","123,500","127,000","123,000",3.54M,3.25%
2021- 05- 31,"123,000","122,000","123,000","120,500",2.29M,0.82%
2021- 05- 30,"123,000","122,000","123,000","120,500",0,0%
2021- 05- 28,"122,000","125,000","125,500","120,500",3.67M,-2.40%
2021- 05- 27,"125,000","120,000","125,000","119,500",7.33M,4.60%
2021- 05- 26,"119,500","118,500","120,000","117,500",2.30M,1.27%
2021- 05- 25,"118,000","117,000","118,000","116,000",1.76M,1.29%
2021- 05- 24,"116,500","116,500","118,000","115,500",1.71M,-0.43%
2021- 05- 23,"116,500","116,500","118,000","115,500",0,0%
2021- 05- 21,"117,000","116,000","119,000","114,500",3.01M,3.08%
2021- 05- 20,"113,500","112,500","115,500","112,000",2.06M,0.44%
2021- 05- 19,"113,500","112,500","115,500","112,000",0,0%
2021- 05- 18,"113,000","111,500","114,500","111,000",1.57M,2.26%
2021- 05- 17,"110,500","109,000","111,000","109,000",1.65M,1.38%
2021- 05- 16,"110,500","109,000","111,000","109,000",0,0%
2021- 05- 14,"109,000","109,500","111,500","108,000",2.25M,-0.46%
2021- 05- 13,"109,500","109,000","111,000","108,000",4.18M,-3.10%
2021- 05- 12,"113,000","115,000","115,500","112,000",2.54M,-1.31%
2021- 05- 11,"114,500","115,000","117,000","114,500",1.86M,-1.29%
2021- 05- 10,"116,000","115,500","116,500","114,500",1.88M,1.31%
2021- 05- 09,"116,000","115,500","116,500","114,500",0,0%
2021- 05- 07,"114,500","115,500","117,000","114,000",2.03M,-0.43%
2021- 05- 06,"115,000","115,000","117,500","113,500",3.22M,-0.43%
2021- 05- 05,"115,000","115,000","117,500","113,500",0,0%
2021- 05- 04,"115,500","113,500","116,000","112,000",2.21M,0.87%
2021- 05- 03,"114,500","112,500","116,000","110,000",2.82M,0.88%
2021- 05- 02,"114,500","112,500","116,000","110,000",0,0%
2021- 04- 30,"113,500","117,000","117,000","113,000",4.30M,-2.99%
2021- 04- 29,"117,000","120,000","120,500","115,500",3.43M,-2.09%
2021- 04- 28,"119,500","121,500","122,000","119,000",2.26M,-1.65%
2021- 04- 27,"121,500","118,500","124,500","118,500",5.29M,2.97%
2021- 04- 26,"118,000","118,000","118,000","117,500",1.71M,0.43%
2021- 04- 25,"118,000","118,000","118,000","117,500",0,0%
2021- 04- 23,"117,500","116,500","118,500","114,500",2.46M,0.00%
2021- 04- 22,"117,500","118,000","119,500","117,500",2.26M,-0.42%
2021- 04- 21,"118,000","119,500","119,500","117,000",4.44M,-1.26%
2021- 04- 20,"119,500","119,000","121,000","118,000",2.93M,0.42%
2021- 04- 19,"119,000","120,000","122,000","117,500",5.39M,0.00%
2021- 04- 18,"119,000","120,000","122,000","117,500",0,0%
2021- 04- 16,"119,000","115,500","120,500","115,500",9.31M,-1.24%
2021- 04- 15,"120,500","120,500","132,500","118,000",16.94M,7.97%
2021- 04- 09,"111,600","110,800","112,200","110,200",3.85M,1.82%
2021- 04- 08,"109,600","107,800","112,200","106,800",4.51M,1.11%
2021- 04- 07,"108,400","108,800","108,800","105,200",4.09M,-0.37%
2021- 04- 06,"108,800","101,200","109,000","101,000",8.55M,8.37%
2021- 04- 05,"100,400","100,600","101,000","100,000",1.53M,-79.96%
2021- 04- 04,"100,400","100,600","101,000","100,000",0,0%
2021- 04- 02,"100,200","101,600","101,600","99,800",1.48M,0.40%
2021- 04- 01,"99,800","100,000","100,800","98,400",2.05M,0.20%
2021- 03- 31,"99,600","98,800","101,000","98,200",2.50M,0.91%
2021- 03- 30,"98,700","98,000","99,400","97,900",1.54M,1.23%
2021- 03- 29,"97,500","99,200","99,300","97,000",1.71M,-80.30%
2021- 03- 28,"97,500","99,200","99,300","97,000",0,0%
2021- 03- 26,"99,000","97,600","99,000","97,200",1.86M,2.06%
2021- 03- 25,"97,000","98,000","98,200","96,400",1.92M,-1.42%
2021- 03- 24,"98,400","97,300","98,400","96,400",1.43M,0.31%
2021- 03- 23,"98,100","99,200","100,600","97,100",1.89M,-0.71%
2021- 03- 22,"98,800","98,600","99,300","97,600",1.56M,-79.94%
2021- 03- 21,"98,800","98,600","99,300","97,600",0,0%
2021- 03- 19,"98,500","97,700","99,400","96,800",2.57M,-1.10%
2021- 03- 18,"99,600","97,700","100,800","97,200",3.83M,2.68%
2021- 03- 17,"97,000","95,800","98,200","95,600",2.01M,1.25%
2021- 03- 16,"95,800","96,200","97,000","95,600",1.35M,0.00%
2021- 03- 15,"95,800","96,000","96,400","94,400",1.72M,-80.08%
2021- 03- 14,"95,800","96,000","96,400","94,400",0,0%
2021- 03- 12,"96,200","97,800","98,000","95,400",2.15M,0.42%
2021- 03- 11,"95,800","92,100","96,900","91,400",4.62M,4.13%
2021- 03- 10,"92,000","90,500","92,900","89,800",4.47M,4.31%
2021- 03- 09,"88,200","89,700","90,300","86,900",5.31M,-2.86%
2021- 03- 08,"90,800","94,400","94,900","90,800",3.34M,-80.72%
2021- 03- 07,"90,800","94,400","94,900","90,800",0,0%
2021- 03- 05,"94,200","93,800","94,800","92,600",3.54M,-2.28%
2021- 03- 04,"96,400","97,500","98,000","96,200",3.45M,-2.33%
2021- 03- 03,"98,700","98,100","99,000","97,600",2.54M,0.41%
2021- 03- 02,"98,300","99,800","100,800","98,000",4.58M,-79.86%
2021- 03- 01,"98,300","99,800","100,800","98,000",0,0%
2021- 02- 26,"97,600","99,500","100,400","96,100",8.02M,0.72%
2021- 02- 25,"96,900","95,600","96,900","94,700",2.57M,2.32%
2021- 02- 24,"94,700","97,400","98,500","94,500",3.21M,-2.77%
2021- 02- 23,"97,400","96,300","98,500","95,400",3.31M,-0.71%
2021- 02- 22,"98,100","101,000","102,000","98,000",3.17M,-80.54%
2021- 02- 21,"98,100","101,000","102,000","98,000",0,0%
2021- 02- 19,"100,800","99,400","101,200","98,000",3.45M,0.60%
2021- 02- 18,"100,200","101,200","103,400","100,200",2.30M,-1.57%
2021- 02- 17,"101,800","103,000","103,000","100,600",2.79M,-0.97%
2021- 02- 16,"102,800","100,800","103,800","99,900",5.37M,2.39%
2021- 02- 15,"100,400","99,800","101,000","98,400",5.23M,-79.49%
2021- 02- 14,"100,400","99,800","101,000","98,400",0,0%
2021- 02- 10,"97,900","93,200","98,100","93,200",9.02M,6.18%
2021- 02- 09,"92,200","92,000","93,500","90,500",3.66M,0.88%
2021- 02- 08,"91,400","91,000","92,400","90,000",2.55M,-79.91%
2021- 02- 07,"91,400","91,000","92,400","90,000",0,0%
2021- 02- 05,"91,000","91,400","92,200","89,500",2.03M,0.11%
2021- 02- 04,"90,900","92,600","92,600","89,800",2.57M,-1.62%
2021- 02- 03,"92,400","90,100","92,400","89,400",3.65M,3.70%
2021- 02- 02,"89,100","90,000","91,400","88,700",3.30M,0.91%
2021- 02- 01,"88,300","87,200","88,600","85,000",4.53M,-79.98%
2021- 01- 31,"88,300","87,200","88,600","85,000",0,0%
2021- 01- 29,"88,200","92,000","92,100","87,200",5.33M,-3.71%
2021- 01- 28,"91,600","90,800","93,700","90,400",4.59M,-1.51%
2021- 01- 27,"93,000","92,600","95,400","92,200",3.49M,0.87%
2021- 01- 26,"92,200","95,800","95,800","92,100",4.04M,-2.64%
2021- 01- 25,"94,700","94,400","95,100","92,000",3.59M,-79.55%
2021- 01- 24,"94,700","94,400","95,100","92,000",0,0%
2021- 01- 22,"92,600","91,200","95,200","90,500",5.79M,1.98%
2021- 01- 21,"90,800","90,500","92,200","90,400",3.38M,2.25%
2021- 01- 20,"88,800","89,600","90,000","87,400",2.97M,0.91%
2021- 01- 19,"88,000","85,600","88,900","85,600",2.90M,2.92%
2021- 01- 18,"85,500","86,700","88,300","85,400",4.17M,-80.46%
2021- 01- 17,"85,500","86,700","88,300","85,400",0,0%
2021- 01- 15,"87,500","90,400","91,800","87,300",4.94M,-3.10%
2021- 01- 14,"90,300","90,800","92,600","90,000",4.00M,-0.66%
2021- 01- 13,"90,900","91,700","92,400","89,900",3.89M,-0.66%
2021- 01- 12,"91,500","89,200","92,000","86,600",7.85M,0.99%
2021- 01- 11,"90,600","88,200","92,600","85,800",15.75M,-79.12%
2021- 01- 10,"90,600","88,200","92,600","85,800",0,0%
2021- 01- 08,"86,800","82,600","87,200","80,900",12.23M,7.83%
2021- 01- 07,"80,500","80,400","80,700","78,600",3.86M,1.77%
2021- 01- 06,"79,100","79,000","82,000","78,900",7.13M,0.64%
2021- 01- 05,"78,600","78,600","79,100","77,400",3.73M,-0.76%
2021- 01- 04,"79,200","78,400","79,300","77,100",4.25M,1.67%
2020- 12- 30,"77,900","76,900","78,800","76,700",4.05M,1.30%
2020- 12- 29,"76,900","76,200","77,100","75,600",4.26M,3.08%
2020- 12- 28,"74,600","74,900","75,400","73,900",3.21M,-80.05%
2020- 12- 27,"74,600","74,900","75,400","73,900",0,0%
2020- 12- 24,"74,800","75,700","76,000","74,400",2.31M,-0.93%
2020- 12- 23,"75,500","76,200","77,100","75,400",3.14M,0.40%
2020- 12- 22,"75,200","76,000","77,900","75,100",4.35M,-0.92%
2020- 12- 21,"75,900","73,400","76,000","73,400",4.08M,-79.32%
2020- 12- 20,"75,900","73,400","76,000","73,400",0,0%
2020- 12- 18,"73,400","73,800","73,900","73,100",2.13M,-0.54%
2020- 12- 17,"73,800","74,800","74,800","73,700",2.27M,-0.81%
2020- 12- 16,"74,400","74,700","75,000","74,200",1.33M,0.27%
2020- 12- 15,"74,200","74,700","75,100","73,800",1.94M,-0.67%
2020- 12- 14,"74,700","75,300","76,200","74,500",2.36M,-80.05%
2020- 12- 13,"74,700","75,300","76,200","74,500",0,0%
2020- 12- 11,"74,900","74,800","76,000","74,600",2.18M,1.08%
2020- 12- 10,"74,100","74,200","75,600","73,500",4.07M,-1.20%
2020- 12- 09,"75,000","75,000","75,600","74,600",2.88M,0.13%
2020- 12- 08,"74,900","77,500","77,600","74,800",3.82M,-2.73%
2020- 12- 07,"77,000","79,000","79,000","76,100",4.46M,-80.23%
2020- 12- 06,"77,000","79,000","79,000","76,100",0,0%
2020- 12- 04,"77,900","74,800","78,500","74,200",7.75M,4.14%
2020- 12- 03,"74,800","74,600","74,800","73,800",2.31M,0.27%
2020- 12- 02,"74,600","75,100","75,100","74,200",2.09M,-0.40%
2020- 12- 01,"74,900","73,900","75,000","73,800",2.25M,1.77%
2020- 11- 30,"73,600","74,600","74,800","73,600",2.67M,-80.27%
2020- 11- 29,"73,600","74,600","74,800","73,600",0,0%
2020- 11- 27,"74,600","75,100","75,500","74,200",1.67M,-0.27%
2020- 11- 26,"74,800","73,500","74,900","73,300",2.68M,1.91%
2020- 11- 25,"73,400","75,500","75,500","73,200",3.50M,-1.61%
2020- 11- 24,"74,600","73,300","75,400","73,300",3.23M,1.63%
2020- 11- 23,"73,400","73,700","73,800","73,000",1.80M,-79.92%
2020- 11- 22,"73,400","73,700","73,800","73,000",0,0%
2020- 11- 20,"73,100","73,300","73,600","72,400",1.32M,0.00%
2020- 11- 19,"73,100","73,500","74,300","73,100",2.14M,0.00%
2020- 11- 18,"73,100","72,000","73,700","71,900",2.41M,0.97%
2020- 11- 17,"72,400","71,600","73,000","71,200",2.25M,0.00%
2020- 11- 16,"72,400","74,200","74,300","71,900",2.78M,-80.19%
2020- 11- 15,"72,400","74,200","74,300","71,900",0,0%
2020- 11- 13,"73,100","71,000","73,200","71,000",2.66M,2.24%
2020- 11- 12,"71,500","72,000","72,900","71,000",2.66M,0.56%
2020- 11- 11,"71,100","70,300","71,700","69,500",3.55M,-0.14%
2020- 11- 10,"71,200","71,500","72,300","70,800",5.50M,-4.17%
2020- 11- 09,"74,300","75,000","75,200","73,500",2.96M,-79.95%
2020- 11- 08,"74,300","75,000","75,200","73,500",0,0%
2020- 11- 06,"74,100","73,400","76,100","73,100",6.55M,2.07%
2020- 11- 05,"72,600","71,800","73,700","70,600",5.28M,0.97%
2020- 11- 04,"71,900","68,100","72,200","68,000",7.11M,6.84%
2020- 11- 03,"67,300","66,900","67,800","66,400",2.01M,0.60%
2020- 11- 02,"66,900","66,100","67,100","65,600",1.59M,-79.73%
2020- 11- 01,"66,900","66,100","67,100","65,600",0,0%
2020- 10- 30,"66,000","68,600","68,800","66,000",2.75M,-3.79%
2020- 10- 29,"68,600","68,400","69,100","67,700",2.43M,-1.01%
2020- 10- 28,"69,300","67,100","69,300","67,000",3.12M,3.74%
2020- 10- 27,"66,800","64,900","68,700","64,900",3.94M,1.37%
2020- 10- 26,"65,900","67,400","68,200","65,600",3.55M,-80.62%
2020- 10- 25,"65,900","67,400","68,200","65,600",0,0%
2020- 10- 23,"68,000","69,700","70,000","68,000",3.07M,-2.58%
2020- 10- 22,"69,800","70,300","70,400","69,100",1.87M,-1.27%
2020- 10- 21,"70,700","70,200","72,200","70,200",2.55M,0.28%
2020- 10- 20,"70,500","69,600","70,600","68,000",3.77M,-0.14%
2020- 10- 19,"70,600","71,600","72,500","70,400",1.80M,-80.25%
2020- 10- 18,"70,600","71,600","72,500","70,400",0,0%
2020- 10- 16,"71,500","72,200","72,400","71,000",1.99M,-1.24%
2020- 10- 15,"72,400","73,600","73,700","72,000",2.10M,-1.76%
2020- 10- 14,"73,700","74,000","75,000","73,200",1.55M,-0.94%
2020- 10- 13,"74,400","74,800","75,400","74,300",1.50M,0.13%
2020- 10- 12,"74,300","76,600","76,600","74,200",2.35M,-80.40%
2020- 10- 11,"74,300","76,600","76,600","74,200",0,0%
2020- 10- 08,"75,800","76,700","77,400","75,800",3.11M,-0.39%
2020- 10- 07,"76,100","75,600","76,300","75,200",1.97M,-0.26%
2020- 10- 06,"76,300","74,700","76,700","74,000",3.79M,2.97%
2020- 10- 05,"74,100","72,100","74,100","71,600",2.60M,-79.67%
2020- 10- 04,"74,100","72,100","74,100","71,600",0,0%
2020- 09- 29,"72,900","74,900","75,000","72,800",2.92M,-1.22%
2020- 09- 28,"73,800","71,300","74,400","70,800",3.35M,-79.00%
2020- 09- 27,"73,800","71,300","74,400","70,800",0,0%
2020- 09- 25,"70,300","71,200","71,600","69,300",2.23M,-0.14%
2020- 09- 24,"70,400","72,200","72,300","70,200",3.78M,-3.69%
2020- 09- 23,"73,100","71,700","73,400","70,600",4.57M,3.54%
2020- 09- 22,"70,600","72,200","73,800","70,200",4.37M,-3.16%
2020- 09- 21,"72,900","74,300","74,800","72,800",2.62M,-80.46%
2020- 09- 20,"72,900","74,300","74,800","72,800",0,0%
2020- 09- 18,"74,600","73,800","75,400","73,200",2.44M,0.54%
2020- 09- 17,"74,200","74,700","74,800","73,800",3.06M,-1.59%
2020- 09- 16,"75,400","76,800","76,900","75,400",2.41M,-1.05%
2020- 09- 15,"76,200","74,200","77,000","73,800",4.27M,2.01%
2020- 09- 14,"74,700","75,400","75,600","73,800",4.12M,-80.29%
2020- 09- 13,"74,700","75,400","75,600","73,800",0,0%
2020- 09- 11,"75,800","76,400","76,800","75,100",3.93M,-1.69%
2020- 09- 10,"77,100","78,400","79,300","76,800",4.63M,0.39%
2020- 09- 09,"76,800","76,300","77,600","75,800",4.55M,-1.54%
2020- 09- 08,"78,000","78,700","79,700","76,100",5.06M,-0.51%
2020- 09- 07,"78,400","80,300","80,300","78,200",4.59M,-80.50%
2020- 09- 06,"78,400","80,300","80,300","78,200",0,0%
2020- 09- 04,"80,400","78,000","80,900","77,900",5.80M,-1.95%
2020- 09- 03,"82,000","83,100","83,200","80,800",3.67M,-0.49%
2020- 09- 02,"82,400","81,100","82,500","80,300",4.54M,2.62%
2020- 09- 01,"80,300","82,700","83,200","80,000",5.36M,-1.35%
2020- 08- 31,"81,400","82,100","84,100","80,200",8.09M,-79.93%
2020- 08- 30,"81,400","82,100","84,100","80,200",0,0%
2020- 08- 28,"81,100","82,700","83,200","80,000",7.49M,-1.22%
2020- 08- 27,"82,100","79,300","82,600","79,200",9.84M,4.72%
2020- 08- 26,"78,400","76,100","78,800","75,600",6.71M,2.89%
2020- 08- 25,"76,200","76,900","77,000","75,400",4.40M,0.26%
2020- 08- 24,"76,000","74,900","76,500","73,500",4.80M,-79.46%
2020- 08- 23,"76,000","74,900","76,500","73,500",0,0%
2020- 08- 21,"74,000","74,000","74,700","72,400",5.07M,1.51%
2020- 08- 20,"72,900","75,200","76,600","71,900",8.36M,-3.19%
2020- 08- 19,"75,300","76,900","77,000","74,400",6.77M,-0.40%
2020- 08- 18,"75,600","74,300","77,900","73,500",15.03M,-79.14%
2020- 08- 17,"75,600","74,300","77,900","73,500",0,0%
2020- 08- 14,"72,500","72,200","73,200","71,600",4.09M,0.55%
2020- 08- 13,"72,100","71,800","73,000","71,300",5.56M,1.84%
2020- 08- 12,"70,800","69,700","71,300","69,500",3.61M,0.43%
2020- 08- 11,"70,500","70,300","71,400","69,500",3.73M,-0.98%
2020- 08- 10,"71,200","69,200","71,700","68,300",5.37M,-79.83%
2020- 08- 09,"71,200","69,200","71,700","68,300",0,0%
2020- 08- 07,"70,600","73,600","74,000","70,100",9.44M,-3.02%
2020- 08- 06,"72,800","71,700","74,500","71,500",9.18M,-1.75%
2020- 08- 05,"74,100","73,200","74,200","72,500",5.31M,0.14%
2020- 08- 04,"74,000","75,700","76,800","72,200",8.51M,1.09%
2020- 08- 03,"73,200","69,500","73,200","69,400",8.06M,-78.69%
2020- 08- 02,"73,200","69,500","73,200","69,400",0,0%
2020- 07- 31,"68,700","67,200","68,800","67,100",5.35M,3.46%
2020- 07- 30,"66,400","67,200","67,400","66,300",3.03M,0.15%
2020- 07- 29,"66,300","65,800","66,600","65,000",3.07M,0.61%
2020- 07- 28,"65,900","66,400","67,200","65,700",4.33M,0.92%
2020- 07- 27,"65,300","64,200","65,900","64,100",2.99M,-79.88%
2020- 07- 26,"65,300","64,200","65,900","64,100",0,0%
2020- 07- 24,"64,900","65,000","66,600","64,400",4.49M,-1.52%
2020- 07- 23,"65,900","63,300","65,900","63,000",6.25M,3.62%
2020- 07- 22,"63,600","62,100","64,300","61,200",5.77M,0.63%
2020- 07- 21,"63,200","64,700","65,200","62,300",8.34M,1.94%
2020- 07- 20,"62,000","65,000","65,000","62,000",7.63M,-80.92%
2020- 07- 19,"62,000","65,000","65,000","62,000",0,0%
2020- 07- 17,"65,000","63,800","65,400","62,800",6.29M,0.93%
2020- 07- 16,"64,400","66,400","67,100","63,800",9.65M,-4.59%
2020- 07- 15,"67,500","68,800","69,900","66,400",7.39M,-1.60%
2020- 07- 14,"68,600","68,100","69,300","68,000",6.02M,-2.56%
2020- 07- 13,"70,400","71,800","72,200","69,000",6.93M,-0.98%
2020- 07- 10,"71,100","70,200","73,600","69,100",12.77M,0.00%
2020- 07- 09,"71,100","67,000","71,100","66,400",12.17M,8.38%
2020- 07- 08,"65,600","62,400","65,600","61,000",9.29M,5.64%
2020- 07- 07,"62,100","61,300","63,600","60,800",7.74M,3.33%
2020- 07- 06,"60,100","59,600","61,500","59,400",6.70M,-79.56%
2020- 07- 05,"60,100","59,600","61,500","59,400",0,0%
2020- 07- 03,"58,800","57,900","59,400","56,800",7.98M,2.98%
2020- 07- 02,"57,100","54,700","57,100","54,600",6.78M,5.94%
2020- 07- 01,"53,900","54,300","55,000","53,500",2.87M,0.75%
2020- 06- 30,"53,500","54,400","54,600","53,500",3.10M,0.00%
2020- 06- 29,"53,500","53,800","54,700","53,200",3.86M,-80.51%
2020- 06- 28,"53,500","53,800","54,700","53,200",0,0%
2020- 06- 26,"54,900","55,900","56,000","53,600",4.05M,0.00%
2020- 06- 25,"54,900","55,700","56,400","54,700",4.47M,-2.83%
2020- 06- 24,"56,500","56,300","56,800","55,000",5.38M,0.36%
2020- 06- 23,"56,300","55,800","57,800","55,400",10.80M,2.74%
2020- 06- 22,"54,800","52,700","55,200","52,100",10.00M,-79.20%
2020- 06- 21,"54,800","52,700","55,200","52,100",0,0%
2020- 06- 19,"52,700","53,500","53,900","52,400",4.55M,0.00%
2020- 06- 18,"52,700","52,900","53,400","52,100",4.84M,0.19%
2020- 06- 17,"52,600","52,300","53,600","51,600",5.78M,0.00%
2020- 06- 16,"52,600","52,100","52,600","51,600",4.46M,4.16%
2020- 06- 15,"50,500","53,200","54,200","50,000",7.68M,-81.02%
2020- 06- 14,"50,500","53,200","54,200","50,000",0,0%
2020- 06- 12,"53,200","51,300","53,600","51,200",8.39M,0.38%
2020- 06- 11,"53,000","52,800","53,600","52,200",8.59M,1.15%
2020- 06- 10,"52,400","51,300","52,700","51,300",7.84M,2.95%
2020- 06- 09,"50,900","51,100","51,900","50,500",4.16M,-0.78%
2020- 06- 08,"51,300","50,500","51,600","49,700",6.93M,-79.56%
2020- 06- 07,"51,300","50,500","51,600","49,700",0,0%
2020- 06- 05,"50,200","50,600","50,700","49,500",5.00M,-1.18%
2020- 06- 04,"50,800","49,500","51,400","49,400",6.12M,1.80%
2020- 06- 03,"49,900","51,900","52,300","49,500",11.45M,-3.85%
2020- 06- 02,"51,900","52,500","52,600","51,400",4.86M,-1.70%
2020- 06- 01,"52,800","52,700","53,200","51,900",5.38M,-79.96%
2020- 05- 31,"52,800","52,700","53,200","51,900",0,0%
2020- 05- 29,"52,700","52,700","53,500","51,500",8.16M,-1.31%
2020- 05- 28,"53,400","51,500","54,000","50,500",12.43M,2.50%
2020- 05- 27,"52,100","52,400","53,400","51,400",10.00M,-3.52%
2020- 05- 26,"54,000","54,700","55,900","52,200",16.18M,0.75%
2020- 05- 25,"53,600","50,200","54,000","49,800",13.17M,-78.30%
2020- 05- 24,"53,600","50,200","54,000","49,800",0,0%
2020- 05- 22,"49,400","47,500","49,700","47,000",9.38M,4.00%
2020- 05- 21,"47,500","47,500","48,000","46,900",7.01M,2.59%
2020- 05- 20,"46,300","44,700","46,900","44,400",8.77M,5.23%
2020- 05- 19,"44,000","44,300","44,500","42,800",6.53M,-0.45%
2020- 05- 18,"44,200","44,300","45,100","43,700",3.71M,-80.05%
2020- 05- 17,"44,200","44,300","45,100","43,700",0,0%
2020- 05- 15,"44,300","45,700","46,300","43,200",7.60M,-1.56%
2020- 05- 14,"45,000","43,200","45,600","42,800",7.27M,3.93%
2020- 05- 13,"43,300","42,300","43,300","42,300",5.55M,0.93%
2020- 05- 12,"42,900","41,800","43,300","41,200",7.80M,3.37%
2020- 05- 11,"41,500","41,400","42,300","41,300",5.23M,-79.85%
2020- 05- 10,"41,500","41,400","42,300","41,300",0,0%
2020- 05- 08,"41,200","41,300","42,000","40,800",7.01M,0.00%
2020- 05- 07,"41,200","39,900","41,500","39,700",13.10M,3.26%
2020- 05- 06,"39,900","37,800","40,000","37,600",10.13M,-78.61%
2020- 05- 05,"39,900","37,800","40,000","37,600",0,0%
2020- 05- 04,"37,300","36,300","38,000","36,000",5.09M,-79.73%
2020- 05- 03,"37,300","36,300","38,000","36,000",0,0%
2020- 04- 29,"36,800","36,800","37,300","36,500",3.29M,-0.54%
2020- 04- 28,"37,000","37,100","37,300","36,300",3.33M,0.54%
2020- 04- 27,"36,800","36,600","37,400","36,300",3.60M,-79.89%
2020- 04- 26,"36,800","36,600","37,400","36,300",0,0%
2020- 04- 24,"36,600","36,900","37,700","36,400",5.36M,-1.35%
2020- 04- 23,"37,100","36,300","37,300","36,100",7.00M,4.80%
2020- 04- 22,"35,400","34,800","35,400","34,300",3.42M,0.85%
2020- 04- 21,"35,100","35,300","35,500","33,700",6.14M,0.29%
2020- 04- 20,"35,000","34,500","35,800","34,400",4.29M,-79.65%
2020- 04- 19,"35,000","34,500","35,800","34,400",0,0%
2020- 04- 17,"34,400","33,800","34,500","33,500",4.72M,3.93%
2020- 04- 16,"33,100","31,800","33,400","31,700",5.01M,-79.25%
2020- 04- 15,"33,100","31,800","33,400","31,700",0,0%
2020- 04- 14,"31,900","31,900","32,100","31,600",2.15M,1.27%
2020- 04- 13,"31,500","32,200","32,200","31,400",2.34M,-80.43%
2020- 04- 12,"31,500","32,200","32,200","31,400",0,0%
2020- 04- 10,"32,200","31,700","32,300","31,400",3.76M,1.90%
2020- 04- 09,"31,600","32,200","32,200","31,500",3.57M,0.00%
2020- 04- 08,"31,600","31,800","32,100","31,600",3.67M,-1.25%
2020- 04- 07,"32,000","32,700","32,900","31,700",4.56M,-0.31%
2020- 04- 06,"32,100","31,700","32,200","31,500",4.02M,-79.62%
2020- 04- 05,"32,100","31,700","32,200","31,500",0,0%
2020- 04- 03,"31,500","31,700","31,800","31,000",2.72M,0.32%
2020- 04- 02,"31,400","30,400","31,400","29,800",5.18M,4.32%
2020- 04- 01,"30,100","31,200","31,700","30,000",3.92M,-3.22%
2020- 03- 31,"31,100","31,000","31,800","30,400",5.19M,1.63%
2020- 03- 30,"30,600","29,900","30,900","29,500",3.16M,-79.93%
2020- 03- 29,"30,600","29,900","30,900","29,500",0,0%
2020- 03- 27,"30,500","31,300","31,400","29,800",4.78M,1.33%
2020- 03- 26,"30,100","31,000","31,200","30,000",4.15M,-2.59%
2020- 03- 25,"30,900","32,100","32,500","30,200",6.41M,0.00%
2020- 03- 24,"30,900","30,100","31,000","29,400",6.29M,7.67%
2020- 03- 23,"28,700","27,600","29,600","27,500",7.82M,-80.80%
2020- 03- 22,"28,700","27,600","29,600","27,500",0,0%
2020- 03- 20,"29,900","27,600","30,200","26,900",8.78M,11.57%
2020- 03- 19,"26,800","29,100","29,400","25,500",10.74M,-4.96%
2020- 03- 18,"28,200","29,700","30,400","28,100",5.51M,-4.41%
2020- 03- 17,"29,500","28,200","30,100","28,000",6.06M,0.00%
2020- 03- 16,"29,500","32,400","32,800","29,500",6.23M,-81.45%
2020- 03- 15,"29,500","32,400","32,800","29,500",0,0%
2020- 03- 13,"31,800","30,000","32,300","29,000",7.96M,-1.24%
2020- 03- 12,"32,200","33,400","33,800","31,700",6.08M,-4.73%
2020- 03- 11,"33,800","34,400","34,900","33,400",2.74M,-2.31%
2020- 03- 10,"34,600","32,900","34,900","32,800",4.74M,3.28%
2020- 03- 09,"33,500","34,200","34,300","33,200",4.01M,-80.91%
2020- 03- 08,"33,500","34,200","34,300","33,200",0,0%
2020- 03- 06,"35,100","35,300","35,700","34,800",2.81M,-2.23%
2020- 03- 05,"35,900","36,500","36,600","35,300",4.05M,0.00%
2020- 03- 04,"35,900","34,800","36,200","34,800",3.54M,2.57%
2020- 03- 03,"35,000","36,100","36,200","35,000",3.14M,0.00%
2020- 03- 02,"35,000","34,900","35,300","33,900",3.85M,-79.65%
2020- 03- 01,"35,000","34,900","35,300","33,900",0,0%
2020- 02- 28,"34,400","34,900","35,300","34,100",5.09M,-3.64%
2020- 02- 27,"35,700","36,800","37,100","35,300",3.91M,-2.99%
2020- 02- 26,"36,800","36,700","37,100","36,300",2.57M,-0.81%
2020- 02- 25,"37,100","36,400","37,200","36,000",2.98M,1.09%
2020- 02- 24,"36,700","36,900","37,200","36,400",3.94M,-80.63%
2020- 02- 23,"36,700","36,900","37,200","36,400",0,0%
2020- 02- 21,"37,900","37,700","38,300","37,500",2.79M,-0.52%
2020- 02- 20,"38,100","38,100","38,300","37,600",2.73M,0.26%
2020- 02- 19,"38,000","36,800","38,100","36,700",6.76M,4.40%
2020- 02- 18,"36,400","36,100","36,700","35,800",2.93M,0.83%
2020- 02- 17,"36,100","36,000","36,400","35,800",1.64M,-79.94%
2020- 02- 16,"36,100","36,000","36,400","35,800",0,0%
2020- 02- 14,"36,000","36,200","36,900","35,800",4.28M,0.56%
2020- 02- 13,"35,800","34,900","36,300","34,700",9.38M,4.07%
2020- 02- 12,"34,400","33,900","34,400","33,600",2.03M,1.18%
2020- 02- 11,"34,000","33,800","34,000","33,600",1.50M,0.59%
2020- 02- 10,"33,800","33,500","33,900","33,200",1.87M,-79.82%
2020- 02- 09,"33,800","33,500","33,900","33,200",0,0%
2020- 02- 07,"33,500","33,400","34,100","33,200",2.61M,0.90%
2020- 02- 06,"33,200","33,100","33,600","32,700",2.75M,1.84%
2020- 02- 05,"32,600","33,300","33,400","32,300",2.19M,-0.91%
2020- 02- 04,"32,900","32,300","33,100","32,100",1.97M,3.13%
2020- 02- 03,"31,900","31,200","32,100","31,200",2.04M,-79.94%
2020- 02- 02,"31,900","31,200","32,100","31,200",0,0%
2020- 01- 31,"31,800","32,500","32,800","31,700",1.72M,-1.85%
2020- 01- 30,"32,400","32,600","33,100","32,100",2.09M,-0.92%
2020- 01- 29,"32,700","33,100","33,200","32,500",1.27M,0.62%
2020- 01- 28,"32,500","32,000","32,700","31,900",2.56M,-80.36%
2020- 01- 27,"32,500","32,000","32,700","31,900",0,0%
2020- 01- 23,"33,100","33,600","33,600","32,900",1.61M,-0.30%
2020- 01- 22,"33,200","33,200","33,800","32,900",2.34M,0.61%
2020- 01- 21,"33,000","33,700","33,800","32,700",1.94M,-2.08%
2020- 01- 20,"33,700","33,800","34,000","33,400",1.90M,-80.00%
2020- 01- 19,"33,700","33,800","34,000","33,400",0,0%
2020- 01- 17,"33,700","34,300","34,500","33,600",1.76M,-1.75%
2020- 01- 16,"34,300","34,000","34,400","34,000",1.30M,0.88%
2020- 01- 15,"34,000","33,400","34,100","33,300",2.31M,1.80%
2020- 01- 14,"33,400","33,500","33,700","33,100",2.11M,0.00%
2020- 01- 13,"33,400","33,100","33,500","33,000",2.37M,-79.76%
2020- 01- 12,"33,400","33,100","33,500","33,000",0,0%
2020- 01- 10,"33,000","33,000","33,300","32,600",2.01M,0.61%
2020- 01- 09,"32,800","32,700","33,100","32,500",4.39M,2.82%
2020- 01- 08,"31,900","31,700","32,400","31,300",4.25M,-0.31%
2020- 01- 07,"32,000","31,000","32,000","30,900",4.20M,3.56%
2020- 01- 06,"30,900","30,100","31,000","30,000",1.97M,-79.74%
2020- 01- 05,"30,900","30,100","31,000","30,000",0,0%
2020- 01- 03,"30,500","30,700","31,000","30,200",1.57M,0.00%
2020- 01- 02,"30,500","30,800","30,900","30,400",1.20M,-0.65%
